Subj_idx,Stimulus,Response,Confidence,Difficulty,Item
1,2,1,3,2,Item 12111011
1,2,2,3,2,Item 12111021
1,1,1,3,2,Item 12111030
1,1,2,3,2,Item 12111040
1,1,1,2,2,Item 12111050
1,1,2,3,2,Item 12111060
1,2,2,4,2,Item 12111071
1,2,2,3,2,Item 12111081
1,1,2,3,2,Item 12111090
1,1,1,3,2,Item 12111100
1,2,2,3,2,Item 12111111
1,1,1,2,2,Item 12111120
1,2,2,2,2,Item 12111131
1,2,2,3,2,Item 12111141
1,2,2,3,2,Item 12111151
1,2,2,2,2,Item 12111161
1,1,1,1,2,Item 12111170
1,2,1,1,2,Item 12111181
1,2,2,1,2,Item 12111191
1,2,NaN,3,2,Item 12111201
1,1,2,1,2,Item 12111210
1,1,1,2,2,Item 12111220
1,1,2,3,2,Item 12111230
1,2,1,2,2,Item 12111241
1,1,1,2,2,Item 12111250
1,1,2,3,2,Item 12111260
1,2,2,3,2,Item 12111271
1,2,2,4,2,Item 12111281
1,1,2,4,2,Item 12111290
1,2,1,3,2,Item 12111301
1,1,2,3,2,Item 12111310
1,1,1,2,2,Item 12111320
1,2,2,3,2,Item 12111331
1,2,2,3,2,Item 12111341
1,1,1,3,2,Item 12111350
1,2,2,3,2,Item 12111361
1,1,2,1,2,Item 12111370
1,1,2,2,2,Item 12111380
1,1,2,2,2,Item 12111390
1,2,2,3,2,Item 12111401
1,2,1,2,2,Item 12111411
1,2,2,3,2,Item 12111421
1,2,2,3,2,Item 12111431
1,1,1,2,2,Item 12111440
1,1,2,3,2,Item 12111450
1,1,2,3,2,Item 12111460
1,2,2,3,2,Item 12111471
1,1,2,3,2,Item 12111480
1,1,1,2,2,Item 12111490
1,1,2,2,2,Item 12111500
1,2,1,2,2,Item 12111511
1,1,1,1,2,Item 12111520
1,2,2,3,2,Item 12111531
1,2,2,3,2,Item 12111541
1,2,2,2,2,Item 12111551
1,1,2,3,2,Item 12111560
1,2,2,3,2,Item 12111571
1,2,2,2,2,Item 12111581
1,1,2,1,2,Item 12111590
1,1,2,3,2,Item 12111600
5,2,1,1,2,Item 12111011
5,2,2,2,2,Item 12111021
5,1,2,2,2,Item 12111030
5,1,1,1,2,Item 12111040
5,1,1,2,2,Item 12111050
5,1,2,3,2,Item 12111060
5,2,1,1,2,Item 12111071
5,2,1,1,2,Item 12111081
5,1,1,2,2,Item 12111090
5,1,1,2,2,Item 12111100
5,2,1,2,2,Item 12111111
5,1,2,2,2,Item 12111120
5,2,1,1,2,Item 12111131
5,2,2,2,2,Item 12111141
5,2,1,1,2,Item 12111151
5,2,2,2,2,Item 12111161
5,1,1,2,2,Item 12111170
5,2,2,3,2,Item 12111181
5,2,2,3,2,Item 12111191
5,2,2,2,2,Item 12111201
5,1,1,2,2,Item 12111210
5,1,1,1,2,Item 12111220
5,1,1,1,2,Item 12111230
5,2,2,2,2,Item 12111241
5,1,2,2,2,Item 12111250
5,1,2,2,2,Item 12111260
5,2,2,3,2,Item 12111271
5,2,1,1,2,Item 12111281
5,1,2,2,2,Item 12111290
5,2,2,2,2,Item 12111301
5,1,2,2,2,Item 12111310
5,1,1,2,2,Item 12111320
5,2,2,2,2,Item 12111331
5,2,1,3,2,Item 12111341
5,1,1,2,2,Item 12111350
5,2,2,3,2,Item 12111361
5,1,2,2,2,Item 12111370
5,1,1,1,2,Item 12111380
5,1,1,1,2,Item 12111390
5,2,2,1,2,Item 12111401
5,2,2,2,2,Item 12111411
5,2,1,2,2,Item 12111421
5,2,1,1,2,Item 12111431
5,1,2,1,2,Item 12111440
5,1,2,1,2,Item 12111450
5,1,1,2,2,Item 12111460
5,2,1,2,2,Item 12111471
5,1,2,2,2,Item 12111480
5,1,2,1,2,Item 12111490
5,1,1,3,2,Item 12111500
5,2,2,3,2,Item 12111511
5,1,2,2,2,Item 12111520
5,2,2,1,2,Item 12111531
5,2,2,2,2,Item 12111541
5,2,1,2,2,Item 12111551
5,1,1,1,2,Item 12111560
5,2,2,2,2,Item 12111571
5,2,2,1,2,Item 12111581
5,1,1,2,2,Item 12111590
5,1,1,2,2,Item 12111600
9,2,2,2,2,Item 12111011
9,2,2,3,2,Item 12111021
9,1,1,2,2,Item 12111030
9,1,2,3,2,Item 12111040
9,1,1,1,2,Item 12111050
9,1,2,3,2,Item 12111060
9,2,1,2,2,Item 12111071
9,2,2,4,2,Item 12111081
9,1,1,2,2,Item 12111090
9,1,1,1,2,Item 12111100
9,2,2,4,2,Item 12111111
9,1,2,3,2,Item 12111120
9,2,1,2,2,Item 12111131
9,2,2,3,2,Item 12111141
9,2,2,3,2,Item 12111151
9,2,1,1,2,Item 12111161
9,1,1,2,2,Item 12111170
9,2,2,3,2,Item 12111181
9,2,1,2,2,Item 12111191
9,2,1,3,2,Item 12111201
9,1,2,3,2,Item 12111210
9,1,1,1,2,Item 12111220
9,1,1,3,2,Item 12111230
9,2,1,3,2,Item 12111241
9,1,1,3,2,Item 12111250
9,1,2,3,2,Item 12111260
9,2,1,3,2,Item 12111271
9,2,2,3,2,Item 12111281
9,1,1,2,2,Item 12111290
9,2,2,3,2,Item 12111301
9,1,2,3,2,Item 12111310
9,1,1,3,2,Item 12111320
9,2,1,4,2,Item 12111331
9,2,1,4,2,Item 12111341
9,1,1,3,2,Item 12111350
9,2,1,3,2,Item 12111361
9,1,2,2,2,Item 12111370
9,1,2,2,2,Item 12111380
9,1,2,3,2,Item 12111390
9,2,2,3,2,Item 12111401
9,2,2,3,2,Item 12111411
9,2,1,3,2,Item 12111421
9,2,1,2,2,Item 12111431
9,1,2,3,2,Item 12111440
9,1,1,2,2,Item 12111450
9,1,2,3,2,Item 12111460
9,2,2,3,2,Item 12111471
9,1,2,3,2,Item 12111480
9,1,1,2,2,Item 12111490
9,1,2,3,2,Item 12111500
9,2,2,2,2,Item 12111511
9,1,1,1,2,Item 12111520
9,2,1,2,2,Item 12111531
9,2,1,2,2,Item 12111541
9,2,2,3,2,Item 12111551
9,1,1,2,2,Item 12111560
9,2,2,3,2,Item 12111571
9,2,1,2,2,Item 12111581
9,1,2,3,2,Item 12111590
9,1,2,3,2,Item 12111600
13,2,1,3,2,Item 12111011
13,2,2,3,2,Item 12111021
13,1,1,4,2,Item 12111030
13,1,1,1,2,Item 12111040
13,1,2,3,2,Item 12111050
13,1,2,2,2,Item 12111060
13,2,2,3,2,Item 12111071
13,2,2,4,2,Item 12111081
13,1,2,4,2,Item 12111090
13,1,1,4,2,Item 12111100
13,2,2,4,2,Item 12111111
13,1,2,3,2,Item 12111120
13,2,2,1,2,Item 12111131
13,2,2,2,2,Item 12111141
13,2,1,4,2,Item 12111151
13,2,1,4,2,Item 12111161
13,1,1,4,2,Item 12111170
13,2,2,3,2,Item 12111181
13,2,2,4,2,Item 12111191
13,2,1,3,2,Item 12111201
13,1,2,2,2,Item 12111210
13,1,1,4,2,Item 12111220
13,1,1,4,2,Item 12111230
13,2,2,3,2,Item 12111241
13,1,1,2,2,Item 12111250
13,1,1,3,2,Item 12111260
13,2,2,4,2,Item 12111271
13,2,1,4,2,Item 12111281
13,1,1,4,2,Item 12111290
13,2,1,4,2,Item 12111301
13,1,2,3,2,Item 12111310
13,1,2,1,2,Item 12111320
13,2,1,4,2,Item 12111331
13,2,1,4,2,Item 12111341
13,1,1,3,2,Item 12111350
13,2,2,3,2,Item 12111361
13,1,1,4,2,Item 12111370
13,1,1,2,2,Item 12111380
13,1,1,3,2,Item 12111390
13,2,2,2,2,Item 12111401
13,2,2,2,2,Item 12111411
13,2,1,4,2,Item 12111421
13,2,1,4,2,Item 12111431
13,1,2,3,2,Item 12111440
13,1,1,3,2,Item 12111450
13,1,1,2,2,Item 12111460
13,2,1,3,2,Item 12111471
13,1,1,3,2,Item 12111480
13,1,1,3,2,Item 12111490
13,1,1,3,2,Item 12111500
13,2,1,3,2,Item 12111511
13,1,2,4,2,Item 12111520
13,2,1,3,2,Item 12111531
13,2,1,4,2,Item 12111541
13,2,1,3,2,Item 12111551
13,1,2,4,2,Item 12111560
13,2,1,3,2,Item 12111571
13,2,2,3,2,Item 12111581
13,1,1,4,2,Item 12111590
13,1,1,4,2,Item 12111600
17,2,2,2,2,Item 12111011
17,2,2,3,2,Item 12111021
17,1,1,4,2,Item 12111030
17,1,1,3,2,Item 12111040
17,1,2,2,2,Item 12111050
17,1,1,3,2,Item 12111060
17,2,2,4,2,Item 12111071
17,2,2,3,2,Item 12111081
17,1,1,2,2,Item 12111090
17,1,2,3,2,Item 12111100
17,2,2,3,2,Item 12111111
17,1,1,3,2,Item 12111120
17,2,1,3,2,Item 12111131
17,2,2,4,2,Item 12111141
17,2,1,3,2,Item 12111151
17,2,1,3,2,Item 12111161
17,1,1,3,2,Item 12111170
17,2,2,2,2,Item 12111181
17,2,2,4,2,Item 12111191
17,2,2,2,2,Item 12111201
17,1,2,3,2,Item 12111210
17,1,1,2,2,Item 12111220
17,1,1,3,2,Item 12111230
17,2,2,2,2,Item 12111241
17,1,1,3,2,Item 12111250
17,1,1,2,2,Item 12111260
17,2,1,4,2,Item 12111271
17,2,2,3,2,Item 12111281
17,1,2,2,2,Item 12111290
17,2,1,3,2,Item 12111301
17,1,2,2,2,Item 12111310
17,1,1,2,2,Item 12111320
17,2,1,3,2,Item 12111331
17,2,2,4,2,Item 12111341
17,1,1,2,2,Item 12111350
17,2,2,4,2,Item 12111361
17,1,1,3,2,Item 12111370
17,1,1,2,2,Item 12111380
17,1,1,3,2,Item 12111390
17,2,2,2,2,Item 12111401
17,2,1,2,2,Item 12111411
17,2,1,4,2,Item 12111421
17,2,2,1,2,Item 12111431
17,1,1,4,2,Item 12111440
17,1,2,2,2,Item 12111450
17,1,2,2,2,Item 12111460
17,2,2,4,2,Item 12111471
17,1,1,4,2,Item 12111480
17,1,1,3,2,Item 12111490
17,1,1,3,2,Item 12111500
17,2,1,2,2,Item 12111511
17,1,1,3,2,Item 12111520
17,2,2,3,2,Item 12111531
17,2,1,2,2,Item 12111541
17,2,1,2,2,Item 12111551
17,1,1,3,2,Item 12111560
17,2,2,3,2,Item 12111571
17,2,2,4,2,Item 12111581
17,1,1,3,2,Item 12111590
17,1,2,2,2,Item 12111600
21,2,2,3,2,Item 12111011
21,2,2,4,2,Item 12111021
21,1,1,3,2,Item 12111030
21,1,2,2,2,Item 12111040
21,1,2,3,2,Item 12111050
21,1,1,3,2,Item 12111060
21,2,2,3,2,Item 12111071
21,2,2,2,2,Item 12111081
21,1,2,4,2,Item 12111090
21,1,2,3,2,Item 12111100
21,2,2,2,2,Item 12111111
21,1,1,3,2,Item 12111120
21,2,2,4,2,Item 12111131
21,2,2,4,2,Item 12111141
21,2,1,3,2,Item 12111151
21,2,2,3,2,Item 12111161
21,1,1,4,2,Item 12111170
21,2,1,3,2,Item 12111181
21,2,1,2,2,Item 12111191
21,2,1,2,2,Item 12111201
21,1,1,4,2,Item 12111210
21,1,1,1,2,Item 12111220
21,1,2,3,2,Item 12111230
21,2,1,3,2,Item 12111241
21,1,1,2,2,Item 12111250
21,1,1,4,2,Item 12111260
21,2,2,3,2,Item 12111271
21,2,2,3,2,Item 12111281
21,1,1,3,2,Item 12111290
21,2,2,3,2,Item 12111301
21,1,1,2,2,Item 12111310
21,1,1,2,2,Item 12111320
21,2,2,3,2,Item 12111331
21,2,2,1,2,Item 12111341
21,1,2,3,2,Item 12111350
21,2,2,2,2,Item 12111361
21,1,1,2,2,Item 12111370
21,1,1,2,2,Item 12111380
21,1,1,4,2,Item 12111390
21,2,2,1,2,Item 12111401
21,2,2,2,2,Item 12111411
21,2,1,4,2,Item 12111421
21,2,2,3,2,Item 12111431
21,1,1,4,2,Item 12111440
21,1,2,1,2,Item 12111450
21,1,1,2,2,Item 12111460
21,2,2,3,2,Item 12111471
21,1,1,2,2,Item 12111480
21,1,1,3,2,Item 12111490
21,1,1,2,2,Item 12111500
21,2,2,2,2,Item 12111511
21,1,1,4,2,Item 12111520
21,2,2,3,2,Item 12111531
21,2,2,2,2,Item 12111541
21,2,2,3,2,Item 12111551
21,1,1,2,2,Item 12111560
21,2,2,3,2,Item 12111571
21,2,1,3,2,Item 12111581
21,1,2,3,2,Item 12111590
21,1,1,2,2,Item 12111600
22,2,2,4,1,Item 12111011
22,2,2,4,1,Item 12111021
22,1,1,3,1,Item 12111030
22,1,1,3,1,Item 12111040
22,1,1,2,1,Item 12111050
22,1,1,2,1,Item 12111060
22,2,2,4,1,Item 12111071
22,2,2,3,1,Item 12111081
22,1,1,3,1,Item 12111090
22,1,2,3,1,Item 12111100
22,2,2,4,1,Item 12111111
22,1,2,1,1,Item 12111120
22,2,2,4,1,Item 12111131
22,2,2,3,1,Item 12111141
22,2,2,3,1,Item 12111151
22,2,2,3,1,Item 12111161
22,1,1,2,1,Item 12111170
22,2,2,3,1,Item 12111181
22,2,2,4,1,Item 12111191
22,2,2,4,1,Item 12111201
22,1,2,2,1,Item 12111210
22,1,2,3,1,Item 12111220
22,1,2,1,1,Item 12111230
22,2,2,3,1,Item 12111241
22,1,1,3,1,Item 12111250
22,1,1,4,1,Item 12111260
22,2,2,3,1,Item 12111271
22,2,2,2,1,Item 12111281
22,1,1,4,1,Item 12111290
22,2,2,2,1,Item 12111301
22,1,1,4,1,Item 12111310
22,1,2,3,1,Item 12111320
22,2,1,3,1,Item 12111331
22,2,2,3,1,Item 12111341
22,1,2,2,1,Item 12111350
22,2,2,4,1,Item 12111361
22,1,1,3,1,Item 12111370
22,1,1,3,1,Item 12111380
22,1,2,2,1,Item 12111390
22,2,1,2,1,Item 12111401
22,2,2,2,1,Item 12111411
22,2,2,3,1,Item 12111421
22,2,1,3,1,Item 12111431
22,1,1,4,1,Item 12111440
22,1,1,2,1,Item 12111450
22,1,1,3,1,Item 12111460
22,2,2,2,1,Item 12111471
22,1,1,3,1,Item 12111480
22,1,2,2,1,Item 12111490
22,1,1,1,1,Item 12111500
22,2,2,2,1,Item 12111511
22,1,1,4,1,Item 12111520
22,2,2,3,1,Item 12111531
22,2,2,3,1,Item 12111541
22,2,2,3,1,Item 12111551
22,1,2,4,1,Item 12111560
22,2,2,2,1,Item 12111571
22,2,2,4,1,Item 12111581
22,1,2,2,1,Item 12111590
22,1,1,3,1,Item 12111600
26,2,2,3,1,Item 12111011
26,2,1,2,1,Item 12111021
26,1,1,3,1,Item 12111030
26,1,1,3,1,Item 12111040
26,1,1,1,1,Item 12111050
26,1,2,2,1,Item 12111060
26,2,2,4,1,Item 12111071
26,2,2,4,1,Item 12111081
26,1,1,2,1,Item 12111090
26,1,2,2,1,Item 12111100
26,2,2,3,1,Item 12111111
26,1,1,2,1,Item 12111120
26,2,2,4,1,Item 12111131
26,2,2,3,1,Item 12111141
26,2,1,1,1,Item 12111151
26,2,1,2,1,Item 12111161
26,1,1,3,1,Item 12111170
26,2,2,3,1,Item 12111181
26,2,2,2,1,Item 12111191
26,2,2,4,1,Item 12111201
26,1,2,2,1,Item 12111210
26,1,1,3,1,Item 12111220
26,1,2,2,1,Item 12111230
26,2,2,3,1,Item 12111241
26,1,1,3,1,Item 12111250
26,1,1,2,1,Item 12111260
26,2,2,2,1,Item 12111271
26,2,2,4,1,Item 12111281
26,1,1,2,1,Item 12111290
26,2,2,4,1,Item 12111301
26,1,1,2,1,Item 12111310
26,1,2,2,1,Item 12111320
26,2,2,4,1,Item 12111331
26,2,2,3,1,Item 12111341
26,1,1,3,1,Item 12111350
26,2,1,4,1,Item 12111361
26,1,1,3,1,Item 12111370
26,1,2,2,1,Item 12111380
26,1,1,2,1,Item 12111390
26,2,2,4,1,Item 12111401
26,2,2,4,1,Item 12111411
26,2,1,3,1,Item 12111421
26,2,1,1,1,Item 12111431
26,1,1,3,1,Item 12111440
26,1,1,1,1,Item 12111450
26,1,2,3,1,Item 12111460
26,2,2,4,1,Item 12111471
26,1,1,2,1,Item 12111480
26,1,2,2,1,Item 12111490
26,1,2,1,1,Item 12111500
26,2,1,2,1,Item 12111511
26,1,1,4,1,Item 12111520
26,2,2,2,1,Item 12111531
26,2,1,2,1,Item 12111541
26,2,2,3,1,Item 12111551
26,1,1,3,1,Item 12111560
26,2,2,2,1,Item 12111571
26,2,1,2,1,Item 12111581
26,1,2,1,1,Item 12111590
26,1,1,1,1,Item 12111600
30,2,2,4,1,Item 12111011
30,2,2,4,1,Item 12111021
30,1,1,3,1,Item 12111030
30,1,1,4,1,Item 12111040
30,1,2,3,1,Item 12111050
30,1,1,2,1,Item 12111060
30,2,2,4,1,Item 12111071
30,2,1,2,1,Item 12111081
30,1,1,2,1,Item 12111090
30,1,1,3,1,Item 12111100
30,2,2,4,1,Item 12111111
30,1,1,4,1,Item 12111120
30,2,2,4,1,Item 12111131
30,2,2,4,1,Item 12111141
30,2,2,3,1,Item 12111151
30,2,1,2,1,Item 12111161
30,1,1,2,1,Item 12111170
30,2,2,4,1,Item 12111181
30,2,2,4,1,Item 12111191
30,2,2,4,1,Item 12111201
30,1,1,3,1,Item 12111210
30,1,1,2,1,Item 12111220
30,1,1,2,1,Item 12111230
30,2,2,2,1,Item 12111241
30,1,1,2,1,Item 12111250
30,1,1,2,1,Item 12111260
30,2,2,4,1,Item 12111271
30,2,2,4,1,Item 12111281
30,1,1,2,1,Item 12111290
30,2,2,3,1,Item 12111301
30,1,1,2,1,Item 12111310
30,1,2,2,1,Item 12111320
30,2,2,3,1,Item 12111331
30,2,2,1,1,Item 12111341
30,1,2,3,1,Item 12111350
30,2,2,4,1,Item 12111361
30,1,1,2,1,Item 12111370
30,1,2,1,1,Item 12111380
30,1,1,2,1,Item 12111390
30,2,2,3,1,Item 12111401
30,2,2,3,1,Item 12111411
30,2,2,3,1,Item 12111421
30,2,2,4,1,Item 12111431
30,1,1,3,1,Item 12111440
30,1,1,3,1,Item 12111450
30,1,1,3,1,Item 12111460
30,2,2,3,1,Item 12111471
30,1,1,2,1,Item 12111480
30,1,2,2,1,Item 12111490
30,1,1,3,1,Item 12111500
30,2,2,4,1,Item 12111511
30,1,1,3,1,Item 12111520
30,2,2,3,1,Item 12111531
30,2,2,3,1,Item 12111541
30,2,2,3,1,Item 12111551
30,1,2,3,1,Item 12111560
30,2,2,3,1,Item 12111571
30,2,2,4,1,Item 12111581
30,1,1,1,1,Item 12111590
30,1,1,1,1,Item 12111600
34,2,1,2,1,Item 12111011
34,2,2,2,1,Item 12111021
34,1,1,3,1,Item 12111030
34,1,1,3,1,Item 12111040
34,1,1,2,1,Item 12111050
34,1,1,2,1,Item 12111060
34,2,1,3,1,Item 12111071
34,2,1,2,1,Item 12111081
34,1,1,4,1,Item 12111090
34,1,1,2,1,Item 12111100
34,2,1,2,1,Item 12111111
34,1,2,2,1,Item 12111120
34,2,1,2,1,Item 12111131
34,2,1,2,1,Item 12111141
34,2,2,2,1,Item 12111151
34,2,1,2,1,Item 12111161
34,1,1,2,1,Item 12111170
34,2,2,2,1,Item 12111181
34,2,2,4,1,Item 12111191
34,2,1,3,1,Item 12111201
34,1,1,2,1,Item 12111210
34,1,1,3,1,Item 12111220
34,1,1,2,1,Item 12111230
34,2,1,2,1,Item 12111241
34,1,1,3,1,Item 12111250
34,1,1,2,1,Item 12111260
34,2,1,3,1,Item 12111271
34,2,1,2,1,Item 12111281
34,1,1,2,1,Item 12111290
34,2,1,2,1,Item 12111301
34,1,1,2,1,Item 12111310
34,1,2,2,1,Item 12111320
34,2,1,2,1,Item 12111331
34,2,1,2,1,Item 12111341
34,1,1,3,1,Item 12111350
34,2,2,3,1,Item 12111361
34,1,1,2,1,Item 12111370
34,1,1,2,1,Item 12111380
34,1,1,2,1,Item 12111390
34,2,NaN,2,1,Item 12111401
34,2,1,3,1,Item 12111411
34,2,2,2,1,Item 12111421
34,2,2,2,1,Item 12111431
34,1,2,2,1,Item 12111440
34,1,1,2,1,Item 12111450
34,1,1,2,1,Item 12111460
34,2,1,2,1,Item 12111471
34,1,1,3,1,Item 12111480
34,1,1,2,1,Item 12111490
34,1,1,2,1,Item 12111500
34,2,2,4,1,Item 12111511
34,1,1,4,1,Item 12111520
34,2,2,3,1,Item 12111531
34,2,2,3,1,Item 12111541
34,2,2,2,1,Item 12111551
34,1,1,2,1,Item 12111560
34,2,2,2,1,Item 12111571
34,2,2,3,1,Item 12111581
34,1,2,2,1,Item 12111590
34,1,2,2,1,Item 12111600
38,2,1,4,1,Item 12111011
38,2,2,4,1,Item 12111021
38,1,1,4,1,Item 12111030
38,1,1,4,1,Item 12111040
38,1,1,4,1,Item 12111050
38,1,1,3,1,Item 12111060
38,2,2,3,1,Item 12111071
38,2,1,3,1,Item 12111081
38,1,1,4,1,Item 12111090
38,1,1,2,1,Item 12111100
38,2,2,3,1,Item 12111111
38,1,1,3,1,Item 12111120
38,2,2,3,1,Item 12111131
38,2,1,1,1,Item 12111141
38,2,2,3,1,Item 12111151
38,2,1,2,1,Item 12111161
38,1,1,3,1,Item 12111170
38,2,1,3,1,Item 12111181
38,2,2,4,1,Item 12111191
38,2,1,2,1,Item 12111201
38,1,1,2,1,Item 12111210
38,1,1,2,1,Item 12111220
38,1,1,3,1,Item 12111230
38,2,2,1,1,Item 12111241
38,1,2,2,1,Item 12111250
38,1,1,3,1,Item 12111260
38,2,1,3,1,Item 12111271
38,2,2,3,1,Item 12111281
38,1,1,3,1,Item 12111290
38,2,1,2,1,Item 12111301
38,1,1,4,1,Item 12111310
38,1,2,3,1,Item 12111320
38,2,2,3,1,Item 12111331
38,2,2,3,1,Item 12111341
38,1,1,1,1,Item 12111350
38,2,2,4,1,Item 12111361
38,1,1,2,1,Item 12111370
38,1,1,2,1,Item 12111380
38,1,1,3,1,Item 12111390
38,2,2,2,1,Item 12111401
38,2,1,3,1,Item 12111411
38,2,1,4,1,Item 12111421
38,2,2,3,1,Item 12111431
38,1,1,3,1,Item 12111440
38,1,1,2,1,Item 12111450
38,1,1,3,1,Item 12111460
38,2,1,2,1,Item 12111471
38,1,1,3,1,Item 12111480
38,1,1,2,1,Item 12111490
38,1,1,2,1,Item 12111500
38,2,1,2,1,Item 12111511
38,1,1,4,1,Item 12111520
38,2,2,4,1,Item 12111531
38,2,2,3,1,Item 12111541
38,2,2,2,1,Item 12111551
38,1,1,2,1,Item 12111560
38,2,1,2,1,Item 12111571
38,2,2,3,1,Item 12111581
38,1,1,2,1,Item 12111590
38,1,1,3,1,Item 12111600
42,2,1,2,1,Item 12111011
42,2,1,3,1,Item 12111021
42,1,1,3,1,Item 12111030
42,1,2,2,1,Item 12111040
42,1,1,2,1,Item 12111050
42,1,1,2,1,Item 12111060
42,2,2,3,1,Item 12111071
42,2,2,3,1,Item 12111081
42,1,1,3,1,Item 12111090
42,1,2,2,1,Item 12111100
42,2,1,3,1,Item 12111111
42,1,2,2,1,Item 12111120
42,2,2,4,1,Item 12111131
42,2,1,2,1,Item 12111141
42,2,2,3,1,Item 12111151
42,2,1,1,1,Item 12111161
42,1,1,3,1,Item 12111170
42,2,2,2,1,Item 12111181
42,2,2,3,1,Item 12111191
42,2,2,3,1,Item 12111201
42,1,1,3,1,Item 12111210
42,1,1,1,1,Item 12111220
42,1,1,2,1,Item 12111230
42,2,2,2,1,Item 12111241
42,1,1,1,1,Item 12111250
42,1,1,2,1,Item 12111260
42,2,1,3,1,Item 12111271
42,2,2,3,1,Item 12111281
42,1,2,2,1,Item 12111290
42,2,2,2,1,Item 12111301
42,1,1,1,1,Item 12111310
42,1,1,2,1,Item 12111320
42,2,2,3,1,Item 12111331
42,2,2,3,1,Item 12111341
42,1,1,2,1,Item 12111350
42,2,2,3,1,Item 12111361
42,1,2,2,1,Item 12111370
42,1,1,1,1,Item 12111380
42,1,2,2,1,Item 12111390
42,2,2,2,1,Item 12111401
42,2,2,2,1,Item 12111411
42,2,1,2,1,Item 12111421
42,2,2,2,1,Item 12111431
42,1,1,1,1,Item 12111440
42,1,1,2,1,Item 12111450
42,1,2,2,1,Item 12111460
42,2,2,2,1,Item 12111471
42,1,1,2,1,Item 12111480
42,1,1,2,1,Item 12111490
42,1,2,2,1,Item 12111500
42,2,2,2,1,Item 12111511
42,1,1,3,1,Item 12111520
42,2,1,2,1,Item 12111531
42,2,2,2,1,Item 12111541
42,2,2,2,1,Item 12111551
42,1,1,2,1,Item 12111560
42,2,2,1,1,Item 12111571
42,2,1,2,1,Item 12111581
42,1,1,2,1,Item 12111590
42,1,2,2,1,Item 12111600
46,2,2,1,1,Item 12111011
46,2,2,3,1,Item 12111021
46,1,1,3,1,Item 12111030
46,1,1,3,1,Item 12111040
46,1,1,2,1,Item 12111050
46,1,1,3,1,Item 12111060
46,2,2,4,1,Item 12111071
46,2,2,3,1,Item 12111081
46,1,1,2,1,Item 12111090
46,1,2,3,1,Item 12111100
46,2,2,3,1,Item 12111111
46,1,1,2,1,Item 12111120
46,2,2,4,1,Item 12111131
46,2,2,4,1,Item 12111141
46,2,2,3,1,Item 12111151
46,2,1,2,1,Item 12111161
46,1,1,3,1,Item 12111170
46,2,1,2,1,Item 12111181
46,2,2,4,1,Item 12111191
46,2,2,4,1,Item 12111201
46,1,1,4,1,Item 12111210
46,1,1,3,1,Item 12111220
46,1,1,1,1,Item 12111230
46,2,2,2,1,Item 12111241
46,1,1,4,1,Item 12111250
46,1,1,3,1,Item 12111260
46,2,2,2,1,Item 12111271
46,2,2,4,1,Item 12111281
46,1,1,2,1,Item 12111290
46,2,2,1,1,Item 12111301
46,1,1,2,1,Item 12111310
46,1,2,2,1,Item 12111320
46,2,2,3,1,Item 12111331
46,2,1,1,1,Item 12111341
46,1,1,2,1,Item 12111350
46,2,2,4,1,Item 12111361
46,1,1,3,1,Item 12111370
46,1,1,3,1,Item 12111380
46,1,2,2,1,Item 12111390
46,2,2,3,1,Item 12111401
46,2,2,2,1,Item 12111411
46,2,1,2,1,Item 12111421
46,2,2,2,1,Item 12111431
46,1,1,3,1,Item 12111440
46,1,1,3,1,Item 12111450
46,1,2,2,1,Item 12111460
46,2,2,2,1,Item 12111471
46,1,1,2,1,Item 12111480
46,1,2,2,1,Item 12111490
46,1,2,2,1,Item 12111500
46,2,2,3,1,Item 12111511
46,1,1,3,1,Item 12111520
46,2,2,3,1,Item 12111531
46,2,1,1,1,Item 12111541
46,2,2,2,1,Item 12111551
46,1,1,2,1,Item 12111560
46,2,1,2,1,Item 12111571
46,2,2,3,1,Item 12111581
46,1,1,2,1,Item 12111590
46,1,1,2,1,Item 12111600
2,1,2,3,2,Item 12121600
2,1,1,2,2,Item 12121590
2,2,2,4,2,Item 12121581
2,2,2,4,2,Item 12121571
2,1,1,3,2,Item 12121560
2,2,2,4,2,Item 12121551
2,2,2,3,2,Item 12121541
2,2,1,2,2,Item 12121531
2,1,1,4,2,Item 12121520
2,2,1,3,2,Item 12121511
2,1,1,4,2,Item 12121500
2,1,1,3,2,Item 12121490
2,1,1,3,2,Item 12121480
2,2,2,3,2,Item 12121471
2,1,1,4,2,Item 12121460
2,1,1,1,2,Item 12121450
2,1,1,3,2,Item 12121440
2,2,2,2,2,Item 12121431
2,2,1,2,2,Item 12121421
2,2,2,2,2,Item 12121411
2,2,1,2,2,Item 12121401
2,1,1,2,2,Item 12121390
2,1,1,3,2,Item 12121380
2,1,1,3,2,Item 12121370
2,2,1,1,2,Item 12121361
2,1,2,2,2,Item 12121350
2,2,2,2,2,Item 12121341
2,2,2,3,2,Item 12121331
2,1,1,1,2,Item 12121320
2,1,1,1,2,Item 12121310
2,2,2,2,2,Item 12121301
2,1,1,4,2,Item 12121290
2,2,2,3,2,Item 12121281
2,2,1,2,2,Item 12121271
2,1,1,2,2,Item 12121260
2,1,1,2,2,Item 12121250
2,2,2,3,2,Item 12121241
2,1,1,2,2,Item 12121230
2,1,1,1,2,Item 12121220
2,1,2,1,2,Item 12121210
2,2,2,2,2,Item 12121201
2,2,2,4,2,Item 12121191
2,2,2,3,2,Item 12121181
2,1,1,2,2,Item 12121170
2,2,2,3,2,Item 12121161
2,2,2,2,2,Item 12121151
2,2,2,2,2,Item 12121141
2,2,2,2,2,Item 12121131
2,1,1,1,2,Item 12121120
2,2,2,3,2,Item 12121111
2,1,1,1,2,Item 12121100
2,1,1,2,2,Item 12121090
2,2,NaN,2,2,Item 12121081
2,2,1,1,2,Item 12121071
2,1,NaN,2,2,Item 12121060
2,1,1,2,2,Item 12121050
2,1,1,2,2,Item 12121040
2,1,2,3,2,Item 12121030
2,2,2,4,2,Item 12121021
2,2,1,2,2,Item 12121011
6,1,1,2,2,Item 12121600
6,1,2,3,2,Item 12121590
6,2,2,4,2,Item 12121581
6,2,2,3,2,Item 12121571
6,1,1,2,2,Item 12121560
6,2,2,4,2,Item 12121551
6,2,1,1,2,Item 12121541
6,2,1,3,2,Item 12121531
6,1,1,4,2,Item 12121520
6,2,2,3,2,Item 12121511
6,1,1,3,2,Item 12121500
6,1,1,1,2,Item 12121490
6,1,1,2,2,Item 12121480
6,2,2,3,2,Item 12121471
6,1,1,2,2,Item 12121460
6,1,2,2,2,Item 12121450
6,1,2,3,2,Item 12121440
6,2,2,3,2,Item 12121431
6,2,2,1,2,Item 12121421
6,2,2,3,2,Item 12121411
6,2,2,1,2,Item 12121401
6,1,1,3,2,Item 12121390
6,1,1,1,2,Item 12121380
6,1,1,1,2,Item 12121370
6,2,2,3,2,Item 12121361
6,1,1,3,2,Item 12121350
6,2,1,2,2,Item 12121341
6,2,2,2,2,Item 12121331
6,1,1,2,2,Item 12121320
6,1,1,3,2,Item 12121310
6,2,1,2,2,Item 12121301
6,1,1,4,2,Item 12121290
6,2,1,3,2,Item 12121281
6,2,2,4,2,Item 12121271
6,1,1,4,2,Item 12121260
6,1,1,1,2,Item 12121250
6,2,2,2,2,Item 12121241
6,1,1,3,2,Item 12121230
6,1,1,4,2,Item 12121220
6,1,2,1,2,Item 12121210
6,2,2,4,2,Item 12121201
6,2,1,2,2,Item 12121191
6,2,1,1,2,Item 12121181
6,1,1,3,2,Item 12121170
6,2,2,3,2,Item 12121161
6,2,1,2,2,Item 12121151
6,2,1,2,2,Item 12121141
6,2,2,4,2,Item 12121131
6,1,1,3,2,Item 12121120
6,2,2,4,2,Item 12121111
6,1,1,2,2,Item 12121100
6,1,1,2,2,Item 12121090
6,2,1,1,2,Item 12121081
6,2,1,2,2,Item 12121071
6,1,1,3,2,Item 12121060
6,1,1,3,2,Item 12121050
6,1,1,4,2,Item 12121040
6,1,1,4,2,Item 12121030
6,2,2,3,2,Item 12121021
6,2,1,3,2,Item 12121011
10,1,1,3,2,Item 12121600
10,1,2,3,2,Item 12121590
10,2,2,4,2,Item 12121581
10,2,2,4,2,Item 12121571
10,1,1,3,2,Item 12121560
10,2,2,4,2,Item 12121551
10,2,2,4,2,Item 12121541
10,2,1,1,2,Item 12121531
10,1,1,4,2,Item 12121520
10,2,2,2,2,Item 12121511
10,1,1,4,2,Item 12121500
10,1,1,2,2,Item 12121490
10,1,1,4,2,Item 12121480
10,2,2,3,2,Item 12121471
10,1,1,3,2,Item 12121460
10,1,1,2,2,Item 12121450
10,1,1,4,2,Item 12121440
10,2,1,1,2,Item 12121431
10,2,2,2,2,Item 12121421
10,2,2,3,2,Item 12121411
10,2,2,4,2,Item 12121401
10,1,1,3,2,Item 12121390
10,1,2,2,2,Item 12121380
10,1,1,3,2,Item 12121370
10,2,2,4,2,Item 12121361
10,1,1,2,2,Item 12121350
10,2,2,1,2,Item 12121341
10,2,2,2,2,Item 12121331
10,1,2,3,2,Item 12121320
10,1,1,2,2,Item 12121310
10,2,2,2,2,Item 12121301
10,1,1,3,2,Item 12121290
10,2,2,1,2,Item 12121281
10,2,2,4,2,Item 12121271
10,1,2,2,2,Item 12121260
10,1,2,3,2,Item 12121250
10,2,2,4,2,Item 12121241
10,1,1,2,2,Item 12121230
10,1,1,4,2,Item 12121220
10,1,2,3,2,Item 12121210
10,2,2,3,2,Item 12121201
10,2,2,4,2,Item 12121191
10,2,1,3,2,Item 12121181
10,1,1,4,2,Item 12121170
10,2,2,4,2,Item 12121161
10,2,1,1,2,Item 12121151
10,2,2,4,2,Item 12121141
10,2,2,3,2,Item 12121131
10,1,1,3,2,Item 12121120
10,2,2,4,2,Item 12121111
10,1,1,2,2,Item 12121100
10,1,2,4,2,Item 12121090
10,2,2,3,2,Item 12121081
10,2,2,4,2,Item 12121071
10,1,1,2,2,Item 12121060
10,1,2,1,2,Item 12121050
10,1,2,4,2,Item 12121040
10,1,1,3,2,Item 12121030
10,2,2,4,2,Item 12121021
10,2,2,2,2,Item 12121011
14,1,1,2,2,Item 12121600
14,1,1,2,2,Item 12121590
14,2,2,4,2,Item 12121581
14,2,2,3,2,Item 12121571
14,1,1,2,2,Item 12121560
14,2,2,3,2,Item 12121551
14,2,1,3,2,Item 12121541
14,2,1,1,2,Item 12121531
14,1,1,4,2,Item 12121520
14,2,2,1,2,Item 12121511
14,1,1,3,2,Item 12121500
14,1,1,1,2,Item 12121490
14,1,1,2,2,Item 12121480
14,2,2,2,2,Item 12121471
14,1,1,1,2,Item 12121460
14,1,1,1,2,Item 12121450
14,1,1,1,2,Item 12121440
14,2,1,3,2,Item 12121431
14,2,1,2,2,Item 12121421
14,2,2,2,2,Item 12121411
14,2,2,3,2,Item 12121401
14,1,1,2,2,Item 12121390
14,1,1,1,2,Item 12121380
14,1,1,2,2,Item 12121370
14,2,2,2,2,Item 12121361
14,1,1,2,2,Item 12121350
14,2,1,2,2,Item 12121341
14,2,1,3,2,Item 12121331
14,1,2,2,2,Item 12121320
14,1,1,3,2,Item 12121310
14,2,1,2,2,Item 12121301
14,1,1,2,2,Item 12121290
14,2,1,3,2,Item 12121281
14,2,2,3,2,Item 12121271
14,1,1,2,2,Item 12121260
14,1,2,1,2,Item 12121250
14,2,2,1,2,Item 12121241
14,1,2,1,2,Item 12121230
14,1,1,2,2,Item 12121220
14,1,2,2,2,Item 12121210
14,2,2,4,2,Item 12121201
14,2,1,2,2,Item 12121191
14,2,2,2,2,Item 12121181
14,1,2,1,2,Item 12121170
14,2,2,1,2,Item 12121161
14,2,1,2,2,Item 12121151
14,2,1,1,2,Item 12121141
14,2,2,2,2,Item 12121131
14,1,1,1,2,Item 12121120
14,2,2,3,2,Item 12121111
14,1,2,1,2,Item 12121100
14,1,1,1,2,Item 12121090
14,2,1,2,2,Item 12121081
14,2,2,1,2,Item 12121071
14,1,1,3,2,Item 12121060
14,1,1,2,2,Item 12121050
14,1,1,3,2,Item 12121040
14,1,2,1,2,Item 12121030
14,2,2,3,2,Item 12121021
14,2,1,3,2,Item 12121011
18,1,2,1,2,Item 12121600
18,1,1,4,2,Item 12121590
18,2,2,4,2,Item 12121581
18,2,1,2,2,Item 12121571
18,1,2,3,2,Item 12121560
18,2,2,3,2,Item 12121551
18,2,2,4,2,Item 12121541
18,2,2,4,2,Item 12121531
18,1,1,2,2,Item 12121520
18,2,1,3,2,Item 12121511
18,1,1,4,2,Item 12121500
18,1,2,3,2,Item 12121490
18,1,1,2,2,Item 12121480
18,2,2,3,2,Item 12121471
18,1,1,4,2,Item 12121460
18,1,1,2,2,Item 12121450
18,1,2,3,2,Item 12121440
18,2,1,4,2,Item 12121431
18,2,1,4,2,Item 12121421
18,2,2,2,2,Item 12121411
18,2,2,3,2,Item 12121401
18,1,1,1,2,Item 12121390
18,1,1,2,2,Item 12121380
18,1,NaN,1,2,Item 12121370
18,2,2,1,2,Item 12121361
18,1,1,2,2,Item 12121350
18,2,2,2,2,Item 12121341
18,2,1,1,2,Item 12121331
18,1,1,3,2,Item 12121320
18,1,2,4,2,Item 12121310
18,2,1,2,2,Item 12121301
18,1,1,4,2,Item 12121290
18,2,1,4,2,Item 12121281
18,2,1,3,2,Item 12121271
18,1,1,2,2,Item 12121260
18,1,1,2,2,Item 12121250
18,2,1,1,2,Item 12121241
18,1,1,4,2,Item 12121230
18,1,1,1,2,Item 12121220
18,1,2,3,2,Item 12121210
18,2,2,4,2,Item 12121201
18,2,2,4,2,Item 12121191
18,2,2,3,2,Item 12121181
18,1,1,3,2,Item 12121170
18,2,1,2,2,Item 12121161
18,2,2,4,2,Item 12121151
18,2,2,2,2,Item 12121141
18,2,NaN,2,2,Item 12121131
18,1,1,1,2,Item 12121120
18,2,1,1,2,Item 12121111
18,1,1,4,2,Item 12121100
18,1,2,2,2,Item 12121090
18,2,2,1,2,Item 12121081
18,2,2,4,2,Item 12121071
18,1,1,2,2,Item 12121060
18,1,2,3,2,Item 12121050
18,1,2,4,2,Item 12121040
18,1,2,3,2,Item 12121030
18,2,1,2,2,Item 12121021
18,2,2,2,2,Item 12121011
23,1,1,2,1,Item 12121600
23,1,1,2,1,Item 12121590
23,2,2,2,1,Item 12121581
23,2,2,2,1,Item 12121571
23,1,1,1,1,Item 12121560
23,2,2,3,1,Item 12121551
23,2,2,2,1,Item 12121541
23,2,1,1,1,Item 12121531
23,1,1,1,1,Item 12121520
23,2,2,1,1,Item 12121511
23,1,1,2,1,Item 12121500
23,1,2,2,1,Item 12121490
23,1,1,1,1,Item 12121480
23,2,2,2,1,Item 12121471
23,1,1,2,1,Item 12121460
23,1,1,2,1,Item 12121450
23,1,1,1,1,Item 12121440
23,2,1,1,1,Item 12121431
23,2,1,1,1,Item 12121421
23,2,2,2,1,Item 12121411
23,2,2,1,1,Item 12121401
23,1,1,2,1,Item 12121390
23,1,1,1,1,Item 12121380
23,1,1,1,1,Item 12121370
23,2,2,3,1,Item 12121361
23,1,1,2,1,Item 12121350
23,2,2,2,1,Item 12121341
23,2,2,2,1,Item 12121331
23,1,2,2,1,Item 12121320
23,1,1,2,1,Item 12121310
23,2,1,1,1,Item 12121301
23,1,2,1,1,Item 12121290
23,2,2,1,1,Item 12121281
23,2,1,1,1,Item 12121271
23,1,2,2,1,Item 12121260
23,1,2,2,1,Item 12121250
23,2,2,2,1,Item 12121241
23,1,1,2,1,Item 12121230
23,1,2,2,1,Item 12121220
23,1,1,2,1,Item 12121210
23,2,2,3,1,Item 12121201
23,2,2,3,1,Item 12121191
23,2,2,2,1,Item 12121181
23,1,1,2,1,Item 12121170
23,2,2,2,1,Item 12121161
23,2,2,2,1,Item 12121151
23,2,2,2,1,Item 12121141
23,2,2,2,1,Item 12121131
23,1,1,2,1,Item 12121120
23,2,2,3,1,Item 12121111
23,1,1,2,1,Item 12121100
23,1,1,2,1,Item 12121090
23,2,1,2,1,Item 12121081
23,2,2,2,1,Item 12121071
23,1,1,1,1,Item 12121060
23,1,1,1,1,Item 12121050
23,1,1,2,1,Item 12121040
23,1,1,1,1,Item 12121030
23,2,2,2,1,Item 12121021
23,2,1,2,1,Item 12121011
27,1,2,3,1,Item 12121600
27,1,1,3,1,Item 12121590
27,2,2,3,1,Item 12121581
27,2,2,3,1,Item 12121571
27,1,1,2,1,Item 12121560
27,2,2,4,1,Item 12121551
27,2,2,4,1,Item 12121541
27,2,2,4,1,Item 12121531
27,1,1,4,1,Item 12121520
27,2,2,4,1,Item 12121511
27,1,1,3,1,Item 12121500
27,1,1,3,1,Item 12121490
27,1,1,4,1,Item 12121480
27,2,1,3,1,Item 12121471
27,1,1,4,1,Item 12121460
27,1,1,4,1,Item 12121450
27,1,1,4,1,Item 12121440
27,2,2,4,1,Item 12121431
27,2,2,3,1,Item 12121421
27,2,2,4,1,Item 12121411
27,2,1,2,1,Item 12121401
27,1,1,3,1,Item 12121390
27,1,1,1,1,Item 12121380
27,1,2,1,1,Item 12121370
27,2,2,2,1,Item 12121361
27,1,1,4,1,Item 12121350
27,2,2,4,1,Item 12121341
27,2,2,4,1,Item 12121331
27,1,1,3,1,Item 12121320
27,1,1,3,1,Item 12121310
27,2,2,4,1,Item 12121301
27,1,1,4,1,Item 12121290
27,2,2,3,1,Item 12121281
27,2,1,3,1,Item 12121271
27,1,1,4,1,Item 12121260
27,1,1,2,1,Item 12121250
27,2,2,3,1,Item 12121241
27,1,2,1,1,Item 12121230
27,1,1,2,1,Item 12121220
27,1,1,3,1,Item 12121210
27,2,2,3,1,Item 12121201
27,2,2,4,1,Item 12121191
27,2,1,3,1,Item 12121181
27,1,1,2,1,Item 12121170
27,2,2,3,1,Item 12121161
27,2,2,3,1,Item 12121151
27,2,1,4,1,Item 12121141
27,2,2,4,1,Item 12121131
27,1,1,1,1,Item 12121120
27,2,2,4,1,Item 12121111
27,1,2,1,1,Item 12121100
27,1,2,4,1,Item 12121090
27,2,2,2,1,Item 12121081
27,2,2,1,1,Item 12121071
27,1,1,2,1,Item 12121060
27,1,1,3,1,Item 12121050
27,1,1,3,1,Item 12121040
27,1,1,3,1,Item 12121030
27,2,2,4,1,Item 12121021
27,2,1,4,1,Item 12121011
31,1,1,3,1,Item 12121600
31,1,2,2,1,Item 12121590
31,2,2,4,1,Item 12121581
31,2,2,3,1,Item 12121571
31,1,2,4,1,Item 12121560
31,2,2,4,1,Item 12121551
31,2,1,3,1,Item 12121541
31,2,2,4,1,Item 12121531
31,1,2,4,1,Item 12121520
31,2,2,4,1,Item 12121511
31,1,1,4,1,Item 12121500
31,1,2,2,1,Item 12121490
31,1,1,4,1,Item 12121480
31,2,2,4,1,Item 12121471
31,1,1,3,1,Item 12121460
31,1,2,3,1,Item 12121450
31,1,1,4,1,Item 12121440
31,2,2,4,1,Item 12121431
31,2,2,3,1,Item 12121421
31,2,2,4,1,Item 12121411
31,2,2,4,1,Item 12121401
31,1,1,3,1,Item 12121390
31,1,1,3,1,Item 12121380
31,1,1,3,1,Item 12121370
31,2,2,1,1,Item 12121361
31,1,1,3,1,Item 12121350
31,2,2,3,1,Item 12121341
31,2,2,3,1,Item 12121331
31,1,1,3,1,Item 12121320
31,1,1,3,1,Item 12121310
31,2,2,3,1,Item 12121301
31,1,1,4,1,Item 12121290
31,2,1,4,1,Item 12121281
31,2,1,4,1,Item 12121271
31,1,1,3,1,Item 12121260
31,1,1,3,1,Item 12121250
31,2,1,3,1,Item 12121241
31,1,2,3,1,Item 12121230
31,1,1,2,1,Item 12121220
31,1,1,2,1,Item 12121210
31,2,2,3,1,Item 12121201
31,2,2,4,1,Item 12121191
31,2,2,4,1,Item 12121181
31,1,1,2,1,Item 12121170
31,2,1,2,1,Item 12121161
31,2,2,1,1,Item 12121151
31,2,2,4,1,Item 12121141
31,2,2,1,1,Item 12121131
31,1,1,3,1,Item 12121120
31,2,2,4,1,Item 12121111
31,1,1,3,1,Item 12121100
31,1,1,3,1,Item 12121090
31,2,1,3,1,Item 12121081
31,2,2,3,1,Item 12121071
31,1,1,3,1,Item 12121060
31,1,1,2,1,Item 12121050
31,1,1,2,1,Item 12121040
31,1,2,3,1,Item 12121030
31,2,2,3,1,Item 12121021
31,2,1,3,1,Item 12121011
35,1,1,3,1,Item 12121600
35,1,2,2,1,Item 12121590
35,2,2,4,1,Item 12121581
35,2,2,4,1,Item 12121571
35,1,2,3,1,Item 12121560
35,2,2,4,1,Item 12121551
35,2,2,4,1,Item 12121541
35,2,2,4,1,Item 12121531
35,1,1,4,1,Item 12121520
35,2,2,4,1,Item 12121511
35,1,2,3,1,Item 12121500
35,1,1,3,1,Item 12121490
35,1,1,3,1,Item 12121480
35,2,1,2,1,Item 12121471
35,1,1,3,1,Item 12121460
35,1,2,3,1,Item 12121450
35,1,2,2,1,Item 12121440
35,2,1,2,1,Item 12121431
35,2,1,3,1,Item 12121421
35,2,2,3,1,Item 12121411
35,2,2,3,1,Item 12121401
35,1,1,3,1,Item 12121390
35,1,2,3,1,Item 12121380
35,1,2,2,1,Item 12121370
35,2,1,3,1,Item 12121361
35,1,1,3,1,Item 12121350
35,2,1,3,1,Item 12121341
35,2,1,2,1,Item 12121331
35,1,2,3,1,Item 12121320
35,1,1,3,1,Item 12121310
35,2,2,3,1,Item 12121301
35,1,1,3,1,Item 12121290
35,2,1,2,1,Item 12121281
35,2,2,3,1,Item 12121271
35,1,1,3,1,Item 12121260
35,1,2,3,1,Item 12121250
35,2,1,2,1,Item 12121241
35,1,1,2,1,Item 12121230
35,1,2,3,1,Item 12121220
35,1,2,3,1,Item 12121210
35,2,1,3,1,Item 12121201
35,2,1,4,1,Item 12121191
35,2,2,4,1,Item 12121181
35,1,2,4,1,Item 12121170
35,2,2,3,1,Item 12121161
35,2,1,3,1,Item 12121151
35,2,2,3,1,Item 12121141
35,2,2,3,1,Item 12121131
35,1,1,2,1,Item 12121120
35,2,1,3,1,Item 12121111
35,1,2,3,1,Item 12121100
35,1,1,3,1,Item 12121090
35,2,2,3,1,Item 12121081
35,2,1,3,1,Item 12121071
35,1,2,3,1,Item 12121060
35,1,2,3,1,Item 12121050
35,1,1,2,1,Item 12121040
35,1,2,2,1,Item 12121030
35,2,1,3,1,Item 12121021
35,2,2,4,1,Item 12121011
39,1,1,2,1,Item 12121600
39,1,1,2,1,Item 12121590
39,2,2,4,1,Item 12121581
39,2,1,2,1,Item 12121571
39,1,1,4,1,Item 12121560
39,2,2,3,1,Item 12121551
39,2,2,2,1,Item 12121541
39,2,2,4,1,Item 12121531
39,1,1,4,1,Item 12121520
39,2,1,2,1,Item 12121511
39,1,1,1,1,Item 12121500
39,1,1,2,1,Item 12121490
39,1,1,3,1,Item 12121480
39,2,2,2,1,Item 12121471
39,1,1,3,1,Item 12121460
39,1,1,2,1,Item 12121450
39,1,1,4,1,Item 12121440
39,2,2,2,1,Item 12121431
39,2,2,3,1,Item 12121421
39,2,2,4,1,Item 12121411
39,2,2,4,1,Item 12121401
39,1,2,2,1,Item 12121390
39,1,1,2,1,Item 12121380
39,1,1,3,1,Item 12121370
39,2,2,3,1,Item 12121361
39,1,1,4,1,Item 12121350
39,2,1,1,1,Item 12121341
39,2,2,4,1,Item 12121331
39,1,2,2,1,Item 12121320
39,1,2,2,1,Item 12121310
39,2,1,1,1,Item 12121301
39,1,1,2,1,Item 12121290
39,2,2,4,1,Item 12121281
39,2,1,2,1,Item 12121271
39,1,1,3,1,Item 12121260
39,1,1,2,1,Item 12121250
39,2,2,2,1,Item 12121241
39,1,1,3,1,Item 12121230
39,1,2,2,1,Item 12121220
39,1,1,4,1,Item 12121210
39,2,2,4,1,Item 12121201
39,2,2,4,1,Item 12121191
39,2,2,3,1,Item 12121181
39,1,1,3,1,Item 12121170
39,2,1,2,1,Item 12121161
39,2,2,2,1,Item 12121151
39,2,2,4,1,Item 12121141
39,2,2,2,1,Item 12121131
39,1,2,1,1,Item 12121120
39,2,2,4,1,Item 12121111
39,1,1,2,1,Item 12121100
39,1,1,3,1,Item 12121090
39,2,2,2,1,Item 12121081
39,2,2,4,1,Item 12121071
39,1,1,2,1,Item 12121060
39,1,1,3,1,Item 12121050
39,1,1,3,1,Item 12121040
39,1,1,2,1,Item 12121030
39,2,2,4,1,Item 12121021
39,2,NaN,4,1,Item 12121011
43,1,1,2,1,Item 12121600
43,1,2,3,1,Item 12121590
43,2,2,4,1,Item 12121581
43,2,2,2,1,Item 12121571
43,1,1,3,1,Item 12121560
43,2,2,3,1,Item 12121551
43,2,2,4,1,Item 12121541
43,2,2,2,1,Item 12121531
43,1,1,3,1,Item 12121520
43,2,2,1,1,Item 12121511
43,1,2,1,1,Item 12121500
43,1,2,2,1,Item 12121490
43,1,1,2,1,Item 12121480
43,2,2,4,1,Item 12121471
43,1,1,3,1,Item 12121460
43,1,2,2,1,Item 12121450
43,1,1,3,1,Item 12121440
43,2,2,4,1,Item 12121431
43,2,2,3,1,Item 12121421
43,2,2,2,1,Item 12121411
43,2,2,3,1,Item 12121401
43,1,1,2,1,Item 12121390
43,1,1,3,1,Item 12121380
43,1,1,3,1,Item 12121370
43,2,2,4,1,Item 12121361
43,1,1,3,1,Item 12121350
43,2,2,2,1,Item 12121341
43,2,1,3,1,Item 12121331
43,1,1,1,1,Item 12121320
43,1,1,4,1,Item 12121310
43,2,2,3,1,Item 12121301
43,1,1,3,1,Item 12121290
43,2,2,3,1,Item 12121281
43,2,1,1,1,Item 12121271
43,1,1,3,1,Item 12121260
43,1,1,1,1,Item 12121250
43,2,2,3,1,Item 12121241
43,1,1,3,1,Item 12121230
43,1,2,2,1,Item 12121220
43,1,2,2,1,Item 12121210
43,2,2,3,1,Item 12121201
43,2,2,3,1,Item 12121191
43,2,2,2,1,Item 12121181
43,1,1,1,1,Item 12121170
43,2,2,2,1,Item 12121161
43,2,2,3,1,Item 12121151
43,2,2,2,1,Item 12121141
43,2,2,2,1,Item 12121131
43,1,1,2,1,Item 12121120
43,2,2,2,1,Item 12121111
43,1,1,3,1,Item 12121100
43,1,1,4,1,Item 12121090
43,2,2,4,1,Item 12121081
43,2,2,2,1,Item 12121071
43,1,1,2,1,Item 12121060
43,1,1,2,1,Item 12121050
43,1,1,3,1,Item 12121040
43,1,2,1,1,Item 12121030
43,2,2,3,1,Item 12121021
43,2,1,2,1,Item 12121011
47,1,1,2,1,Item 12121600
47,1,1,2,1,Item 12121590
47,2,2,3,1,Item 12121581
47,2,2,2,1,Item 12121571
47,1,1,1,1,Item 12121560
47,2,2,2,1,Item 12121551
47,2,1,2,1,Item 12121541
47,2,2,3,1,Item 12121531
47,1,1,4,1,Item 12121520
47,2,1,4,1,Item 12121511
47,1,2,3,1,Item 12121500
47,1,1,2,1,Item 12121490
47,1,1,2,1,Item 12121480
47,2,1,2,1,Item 12121471
47,1,1,1,1,Item 12121460
47,1,1,2,1,Item 12121450
47,1,1,3,1,Item 12121440
47,2,2,2,1,Item 12121431
47,2,1,3,1,Item 12121421
47,2,2,2,1,Item 12121411
47,2,1,2,1,Item 12121401
47,1,2,1,1,Item 12121390
47,1,2,1,1,Item 12121380
47,1,1,1,1,Item 12121370
47,2,1,4,1,Item 12121361
47,1,1,4,1,Item 12121350
47,2,1,3,1,Item 12121341
47,2,1,3,1,Item 12121331
47,1,1,2,1,Item 12121320
47,1,1,3,1,Item 12121310
47,2,1,2,1,Item 12121301
47,1,1,3,1,Item 12121290
47,2,2,1,1,Item 12121281
47,2,1,3,1,Item 12121271
47,1,1,3,1,Item 12121260
47,1,1,2,1,Item 12121250
47,2,1,3,1,Item 12121241
47,1,1,2,1,Item 12121230
47,1,1,3,1,Item 12121220
47,1,1,1,1,Item 12121210
47,2,1,2,1,Item 12121201
47,2,1,4,1,Item 12121191
47,2,2,3,1,Item 12121181
47,1,1,1,1,Item 12121170
47,2,1,2,1,Item 12121161
47,2,1,3,1,Item 12121151
47,2,1,3,1,Item 12121141
47,2,1,2,1,Item 12121131
47,1,2,1,1,Item 12121120
47,2,1,3,1,Item 12121111
47,1,1,3,1,Item 12121100
47,1,1,4,1,Item 12121090
47,2,1,3,1,Item 12121081
47,2,1,3,1,Item 12121071
47,1,1,4,1,Item 12121060
47,1,1,4,1,Item 12121050
47,1,1,3,1,Item 12121040
47,1,1,3,1,Item 12121030
47,2,1,3,1,Item 12121021
47,2,1,3,1,Item 12121011
51,1,1,1,1,Item 12121600
51,1,2,2,1,Item 12121590
51,2,2,3,1,Item 12121581
51,2,2,1,1,Item 12121571
51,1,1,2,1,Item 12121560
51,2,2,3,1,Item 12121551
51,2,1,2,1,Item 12121541
51,2,1,1,1,Item 12121531
51,1,1,3,1,Item 12121520
51,2,2,3,1,Item 12121511
51,1,1,1,1,Item 12121500
51,1,2,1,1,Item 12121490
51,1,1,1,1,Item 12121480
51,2,1,1,1,Item 12121471
51,1,2,1,1,Item 12121460
51,1,1,2,1,Item 12121450
51,1,1,2,1,Item 12121440
51,2,2,1,1,Item 12121431
51,2,2,2,1,Item 12121421
51,2,2,2,1,Item 12121411
51,2,2,3,1,Item 12121401
51,1,1,3,1,Item 12121390
51,1,2,2,1,Item 12121380
51,1,1,2,1,Item 12121370
51,2,2,3,1,Item 12121361
51,1,1,2,1,Item 12121350
51,2,1,3,1,Item 12121341
51,2,1,1,1,Item 12121331
51,1,2,1,1,Item 12121320
51,1,2,2,1,Item 12121310
51,2,1,2,1,Item 12121301
51,1,1,2,1,Item 12121290
51,2,2,2,1,Item 12121281
51,2,1,1,1,Item 12121271
51,1,1,1,1,Item 12121260
51,1,2,2,1,Item 12121250
51,2,2,2,1,Item 12121241
51,1,1,1,1,Item 12121230
51,1,2,2,1,Item 12121220
51,1,1,2,1,Item 12121210
51,2,2,3,1,Item 12121201
51,2,2,4,1,Item 12121191
51,2,2,4,1,Item 12121181
51,1,1,1,1,Item 12121170
51,2,2,3,1,Item 12121161
51,2,1,1,1,Item 12121151
51,2,1,1,1,Item 12121141
51,2,2,2,1,Item 12121131
51,1,1,1,1,Item 12121120
51,2,2,3,1,Item 12121111
51,1,1,2,1,Item 12121100
51,1,1,2,1,Item 12121090
51,2,1,1,1,Item 12121081
51,2,2,3,1,Item 12121071
51,1,1,2,1,Item 12121060
51,1,1,1,1,Item 12121050
51,1,1,1,1,Item 12121040
51,1,1,1,1,Item 12121030
51,2,2,3,1,Item 12121021
51,2,1,1,1,Item 12121011
3,1,2,2,2,Item 12211010
3,1,1,2,2,Item 12211020
3,2,1,3,2,Item 12211031
3,2,2,2,2,Item 12211041
3,2,2,3,2,Item 12211051
3,2,1,1,2,Item 12211061
3,1,2,1,2,Item 12211070
3,1,1,1,2,Item 12211080
3,2,2,4,2,Item 12211091
3,2,2,3,2,Item 12211101
3,1,2,2,2,Item 12211110
3,2,2,1,2,Item 12211121
3,1,1,2,2,Item 12211130
3,1,2,2,2,Item 12211140
3,1,NaN,2,2,Item 12211150
3,1,2,2,2,Item 12211160
3,2,2,1,2,Item 12211171
3,1,1,2,2,Item 12211180
3,1,1,3,2,Item 12211190
3,1,1,2,2,Item 12211200
3,2,2,1,2,Item 12211211
3,2,2,1,2,Item 12211221
3,2,2,2,2,Item 12211231
3,1,1,1,2,Item 12211240
3,2,2,1,2,Item 12211251
3,2,1,2,2,Item 12211261
3,1,2,2,2,Item 12211270
3,1,2,3,2,Item 12211280
3,2,1,2,2,Item 12211291
3,1,2,2,2,Item 12211300
3,2,2,2,2,Item 12211311
3,2,2,3,2,Item 12211321
3,1,2,3,2,Item 12211330
3,1,2,2,2,Item 12211340
3,2,2,2,2,Item 12211351
3,1,2,3,2,Item 12211360
3,2,1,2,2,Item 12211371
3,2,1,2,2,Item 12211381
3,2,2,3,2,Item 12211391
3,1,2,3,2,Item 12211400
3,1,2,3,2,Item 12211410
3,1,2,2,2,Item 12211420
3,1,1,1,2,Item 12211430
3,2,2,2,2,Item 12211441
3,2,1,2,2,Item 12211451
3,2,2,1,2,Item 12211461
3,1,2,3,2,Item 12211470
3,2,2,2,2,Item 12211481
3,2,1,1,2,Item 12211491
3,2,2,2,2,Item 12211501
3,1,1,1,2,Item 12211510
3,2,1,2,2,Item 12211521
3,1,2,3,2,Item 12211530
3,1,2,2,2,Item 12211540
3,1,2,2,2,Item 12211550
3,2,1,1,2,Item 12211561
3,1,2,2,2,Item 12211570
3,1,2,2,2,Item 12211580
3,2,1,2,2,Item 12211591
3,2,1,2,2,Item 12211601
7,1,1,3,2,Item 12211010
7,1,2,3,2,Item 12211020
7,2,1,4,2,Item 12211031
7,2,2,4,2,Item 12211041
7,2,2,2,2,Item 12211051
7,2,2,3,2,Item 12211061
7,1,2,4,2,Item 12211070
7,1,1,2,2,Item 12211080
7,2,2,4,2,Item 12211091
7,2,2,4,2,Item 12211101
7,1,1,3,2,Item 12211110
7,2,1,4,2,Item 12211121
7,1,2,3,2,Item 12211130
7,1,1,2,2,Item 12211140
7,1,1,2,2,Item 12211150
7,1,2,3,2,Item 12211160
7,2,1,3,2,Item 12211171
7,1,1,3,2,Item 12211180
7,1,2,4,2,Item 12211190
7,1,2,4,2,Item 12211200
7,2,1,3,2,Item 12211211
7,2,2,2,2,Item 12211221
7,2,1,1,2,Item 12211231
7,1,2,2,2,Item 12211240
7,2,2,3,2,Item 12211251
7,2,2,2,2,Item 12211261
7,1,2,3,2,Item 12211270
7,1,2,3,2,Item 12211280
7,2,2,4,2,Item 12211291
7,1,1,2,2,Item 12211300
7,2,NaN,4,2,Item 12211311
7,2,2,3,2,Item 12211321
7,1,1,4,2,Item 12211330
7,1,1,3,2,Item 12211340
7,2,1,3,2,Item 12211351
7,1,2,4,2,Item 12211360
7,2,1,2,2,Item 12211371
7,2,1,3,2,Item 12211381
7,2,1,3,2,Item 12211391
7,1,2,4,2,Item 12211400
7,1,2,3,2,Item 12211410
7,1,1,3,2,Item 12211420
7,1,1,3,2,Item 12211430
7,2,NaN,3,2,Item 12211441
7,2,1,2,2,Item 12211451
7,2,1,1,2,Item 12211461
7,1,2,3,2,Item 12211470
7,2,2,3,2,Item 12211481
7,2,1,3,2,Item 12211491
7,2,2,4,2,Item 12211501
7,1,2,4,2,Item 12211510
7,2,1,4,2,Item 12211521
7,1,2,2,2,Item 12211530
7,1,2,4,2,Item 12211540
7,1,1,3,2,Item 12211550
7,2,2,4,2,Item 12211561
7,1,1,3,2,Item 12211570
7,1,2,3,2,Item 12211580
7,2,2,4,2,Item 12211591
7,2,1,4,2,Item 12211601
11,1,1,2,2,Item 12211010
11,1,2,3,2,Item 12211020
11,2,2,3,2,Item 12211031
11,2,2,2,2,Item 12211041
11,2,2,4,2,Item 12211051
11,2,2,2,2,Item 12211061
11,1,2,3,2,Item 12211070
11,1,1,2,2,Item 12211080
11,2,2,4,2,Item 12211091
11,2,1,2,2,Item 12211101
11,1,1,1,2,Item 12211110
11,2,2,2,2,Item 12211121
11,1,2,3,2,Item 12211130
11,1,2,3,2,Item 12211140
11,1,1,2,2,Item 12211150
11,1,2,3,2,Item 12211160
11,2,1,1,2,Item 12211171
11,1,1,2,2,Item 12211180
11,1,1,3,2,Item 12211190
11,1,1,2,2,Item 12211200
11,2,2,2,2,Item 12211211
11,2,2,3,2,Item 12211221
11,2,1,2,2,Item 12211231
11,1,2,3,2,Item 12211240
11,2,2,2,2,Item 12211251
11,2,1,1,2,Item 12211261
11,1,1,3,2,Item 12211270
11,1,2,2,2,Item 12211280
11,2,2,3,2,Item 12211291
11,1,2,2,2,Item 12211300
11,2,2,4,2,Item 12211311
11,2,1,2,2,Item 12211321
11,1,2,1,2,Item 12211330
11,1,2,2,2,Item 12211340
11,2,2,2,2,Item 12211351
11,1,1,1,2,Item 12211360
11,2,2,3,2,Item 12211371
11,2,2,3,2,Item 12211381
11,2,1,2,2,Item 12211391
11,1,2,2,2,Item 12211400
11,1,1,3,2,Item 12211410
11,1,2,3,2,Item 12211420
11,1,2,3,2,Item 12211430
11,2,1,2,2,Item 12211441
11,2,2,1,2,Item 12211451
11,2,2,3,2,Item 12211461
11,1,1,2,2,Item 12211470
11,2,1,2,2,Item 12211481
11,2,2,3,2,Item 12211491
11,2,1,2,2,Item 12211501
11,1,1,2,2,Item 12211510
11,2,1,3,2,Item 12211521
11,1,2,2,2,Item 12211530
11,1,2,2,2,Item 12211540
11,1,1,1,2,Item 12211550
11,2,2,3,2,Item 12211561
11,1,2,2,2,Item 12211570
11,1,1,2,2,Item 12211580
11,2,2,2,2,Item 12211591
11,2,NaN,1,2,Item 12211601
15,1,1,2,2,Item 12211010
15,1,2,3,2,Item 12211020
15,2,1,3,2,Item 12211031
15,2,2,2,2,Item 12211041
15,2,2,2,2,Item 12211051
15,2,1,3,2,Item 12211061
15,1,1,3,2,Item 12211070
15,1,1,3,2,Item 12211080
15,2,2,4,2,Item 12211091
15,2,1,3,2,Item 12211101
15,1,1,2,2,Item 12211110
15,2,1,3,2,Item 12211121
15,1,2,3,2,Item 12211130
15,1,2,1,2,Item 12211140
15,1,1,2,2,Item 12211150
15,1,1,1,2,Item 12211160
15,2,1,2,2,Item 12211171
15,1,1,3,2,Item 12211180
15,1,1,4,2,Item 12211190
15,1,1,3,2,Item 12211200
15,2,1,3,2,Item 12211211
15,2,1,2,2,Item 12211221
15,2,2,2,2,Item 12211231
15,1,1,3,2,Item 12211240
15,2,2,2,2,Item 12211251
15,2,1,3,2,Item 12211261
15,1,1,4,2,Item 12211270
15,1,1,2,2,Item 12211280
15,2,1,2,2,Item 12211291
15,1,2,2,2,Item 12211300
15,2,2,3,2,Item 12211311
15,2,1,2,2,Item 12211321
15,1,1,2,2,Item 12211330
15,1,1,3,2,Item 12211340
15,2,1,2,2,Item 12211351
15,1,1,3,2,Item 12211360
15,2,1,2,2,Item 12211371
15,2,1,2,2,Item 12211381
15,2,1,2,2,Item 12211391
15,1,1,2,2,Item 12211400
15,1,1,2,2,Item 12211410
15,1,2,3,2,Item 12211420
15,1,2,3,2,Item 12211430
15,2,2,3,2,Item 12211441
15,2,2,3,2,Item 12211451
15,2,2,3,2,Item 12211461
15,1,1,2,2,Item 12211470
15,2,1,3,2,Item 12211481
15,2,1,1,2,Item 12211491
15,2,1,2,2,Item 12211501
15,1,1,4,2,Item 12211510
15,2,2,3,2,Item 12211521
15,1,1,3,2,Item 12211530
15,1,1,3,2,Item 12211540
15,1,1,3,2,Item 12211550
15,2,1,3,2,Item 12211561
15,1,1,2,2,Item 12211570
15,1,2,3,2,Item 12211580
15,2,2,4,2,Item 12211591
15,2,1,2,2,Item 12211601
19,1,1,2,2,Item 12211010
19,1,1,2,2,Item 12211020
19,2,1,2,2,Item 12211031
19,2,2,2,2,Item 12211041
19,2,1,2,2,Item 12211051
19,2,1,2,2,Item 12211061
19,1,2,1,2,Item 12211070
19,1,1,2,2,Item 12211080
19,2,1,2,2,Item 12211091
19,2,1,2,2,Item 12211101
19,1,2,2,2,Item 12211110
19,2,1,2,2,Item 12211121
19,1,NaN,2,2,Item 12211130
19,1,1,2,2,Item 12211140
19,1,1,1,2,Item 12211150
19,1,2,2,2,Item 12211160
19,2,1,1,2,Item 12211171
19,1,1,1,2,Item 12211180
19,1,1,2,2,Item 12211190
19,1,2,2,2,Item 12211200
19,2,2,2,2,Item 12211211
19,2,2,2,2,Item 12211221
19,2,2,2,2,Item 12211231
19,1,1,2,2,Item 12211240
19,2,1,2,2,Item 12211251
19,2,1,2,2,Item 12211261
19,1,2,2,2,Item 12211270
19,1,1,2,2,Item 12211280
19,2,1,2,2,Item 12211291
19,1,NaN,2,2,Item 12211300
19,2,2,2,2,Item 12211311
19,2,2,2,2,Item 12211321
19,1,1,2,2,Item 12211330
19,1,1,2,2,Item 12211340
19,2,1,2,2,Item 12211351
19,1,2,2,2,Item 12211360
19,2,2,2,2,Item 12211371
19,2,1,2,2,Item 12211381
19,2,1,2,2,Item 12211391
19,1,2,2,2,Item 12211400
19,1,2,2,2,Item 12211410
19,1,1,2,2,Item 12211420
19,1,2,2,2,Item 12211430
19,2,2,2,2,Item 12211441
19,2,2,2,2,Item 12211451
19,2,1,2,2,Item 12211461
19,1,1,2,2,Item 12211470
19,2,1,2,2,Item 12211481
19,2,1,2,2,Item 12211491
19,2,1,2,2,Item 12211501
19,1,1,2,2,Item 12211510
19,2,1,1,2,Item 12211521
19,1,1,1,2,Item 12211530
19,1,1,1,2,Item 12211540
19,1,1,1,2,Item 12211550
19,2,1,1,2,Item 12211561
19,1,1,1,2,Item 12211570
19,1,2,2,2,Item 12211580
19,2,1,1,2,Item 12211591
19,2,1,1,2,Item 12211601
24,1,1,4,1,Item 12211010
24,1,1,3,1,Item 12211020
24,2,2,4,1,Item 12211031
24,2,2,4,1,Item 12211041
24,2,2,4,1,Item 12211051
24,2,2,3,1,Item 12211061
24,1,1,4,1,Item 12211070
24,1,1,4,1,Item 12211080
24,2,2,4,1,Item 12211091
24,2,2,2,1,Item 12211101
24,1,1,3,1,Item 12211110
24,2,1,2,1,Item 12211121
24,1,2,3,1,Item 12211130
24,1,1,3,1,Item 12211140
24,1,1,3,1,Item 12211150
24,1,1,2,1,Item 12211160
24,2,2,2,1,Item 12211171
24,1,1,3,1,Item 12211180
24,1,1,4,1,Item 12211190
24,1,2,2,1,Item 12211200
24,2,2,2,1,Item 12211211
24,2,2,3,1,Item 12211221
24,2,2,2,1,Item 12211231
24,1,1,3,1,Item 12211240
24,2,1,1,1,Item 12211251
24,2,2,3,1,Item 12211261
24,1,2,2,1,Item 12211270
24,1,2,3,1,Item 12211280
24,2,2,3,1,Item 12211291
24,1,1,3,1,Item 12211300
24,2,2,3,1,Item 12211311
24,2,2,3,1,Item 12211321
24,1,1,3,1,Item 12211330
24,1,1,1,1,Item 12211340
24,2,2,2,1,Item 12211351
24,1,1,2,1,Item 12211360
24,2,2,3,1,Item 12211371
24,2,2,3,1,Item 12211381
24,2,2,3,1,Item 12211391
24,1,1,2,1,Item 12211400
24,1,1,2,1,Item 12211410
24,1,2,2,1,Item 12211420
24,1,1,2,1,Item 12211430
24,2,2,3,1,Item 12211441
24,2,2,3,1,Item 12211451
24,2,2,3,1,Item 12211461
24,1,1,3,1,Item 12211470
24,2,2,3,1,Item 12211481
24,2,2,2,1,Item 12211491
24,2,1,3,1,Item 12211501
24,1,1,4,1,Item 12211510
24,2,2,4,1,Item 12211521
24,1,1,4,1,Item 12211530
24,1,1,3,1,Item 12211540
24,1,1,3,1,Item 12211550
24,2,2,2,1,Item 12211561
24,1,1,2,1,Item 12211570
24,1,1,2,1,Item 12211580
24,2,2,2,1,Item 12211591
24,2,2,3,1,Item 12211601
28,1,2,1,1,Item 12211010
28,1,1,3,1,Item 12211020
28,2,2,2,1,Item 12211031
28,2,2,4,1,Item 12211041
28,2,2,3,1,Item 12211051
28,2,1,2,1,Item 12211061
28,1,1,3,1,Item 12211070
28,1,1,3,1,Item 12211080
28,2,2,4,1,Item 12211091
28,2,2,3,1,Item 12211101
28,1,1,3,1,Item 12211110
28,2,1,3,1,Item 12211121
28,1,2,2,1,Item 12211130
28,1,1,3,1,Item 12211140
28,1,1,4,1,Item 12211150
28,1,1,2,1,Item 12211160
28,2,2,4,1,Item 12211171
28,1,1,4,1,Item 12211180
28,1,1,3,1,Item 12211190
28,1,1,4,1,Item 12211200
28,2,2,4,1,Item 12211211
28,2,1,2,1,Item 12211221
28,2,1,3,1,Item 12211231
28,1,2,1,1,Item 12211240
28,2,1,2,1,Item 12211251
28,2,2,2,1,Item 12211261
28,1,1,3,1,Item 12211270
28,1,1,3,1,Item 12211280
28,2,2,2,1,Item 12211291
28,1,1,3,1,Item 12211300
28,2,1,2,1,Item 12211311
28,2,2,4,1,Item 12211321
28,1,1,3,1,Item 12211330
28,1,1,3,1,Item 12211340
28,2,2,2,1,Item 12211351
28,1,1,2,1,Item 12211360
28,2,2,2,1,Item 12211371
28,2,2,2,1,Item 12211381
28,2,2,3,1,Item 12211391
28,1,1,4,1,Item 12211400
28,1,1,4,1,Item 12211410
28,1,1,1,1,Item 12211420
28,1,1,3,1,Item 12211430
28,2,2,4,1,Item 12211441
28,2,2,4,1,Item 12211451
28,2,2,3,1,Item 12211461
28,1,1,3,1,Item 12211470
28,2,2,4,1,Item 12211481
28,2,2,3,1,Item 12211491
28,2,2,2,1,Item 12211501
28,1,1,4,1,Item 12211510
28,2,1,2,1,Item 12211521
28,1,1,2,1,Item 12211530
28,1,1,2,1,Item 12211540
28,1,1,2,1,Item 12211550
28,2,2,4,1,Item 12211561
28,1,1,3,1,Item 12211570
28,1,1,2,1,Item 12211580
28,2,2,2,1,Item 12211591
28,2,2,4,1,Item 12211601
32,1,2,3,1,Item 12211010
32,1,1,4,1,Item 12211020
32,2,2,3,1,Item 12211031
32,2,2,3,1,Item 12211041
32,2,2,4,1,Item 12211051
32,2,1,2,1,Item 12211061
32,1,1,3,1,Item 12211070
32,1,2,3,1,Item 12211080
32,2,1,2,1,Item 12211091
32,2,2,3,1,Item 12211101
32,1,2,3,1,Item 12211110
32,2,1,4,1,Item 12211121
32,1,1,3,1,Item 12211130
32,1,2,2,1,Item 12211140
32,1,1,3,1,Item 12211150
32,1,1,3,1,Item 12211160
32,2,2,3,1,Item 12211171
32,1,1,4,1,Item 12211180
32,1,1,4,1,Item 12211190
32,1,1,4,1,Item 12211200
32,2,2,4,1,Item 12211211
32,2,2,4,1,Item 12211221
32,2,2,4,1,Item 12211231
32,1,2,4,1,Item 12211240
32,2,2,4,1,Item 12211251
32,2,2,4,1,Item 12211261
32,1,1,3,1,Item 12211270
32,1,1,2,1,Item 12211280
32,2,2,3,1,Item 12211291
32,1,2,3,1,Item 12211300
32,2,2,3,1,Item 12211311
32,2,2,3,1,Item 12211321
32,1,1,3,1,Item 12211330
32,1,2,3,1,Item 12211340
32,2,2,3,1,Item 12211351
32,1,1,2,1,Item 12211360
32,2,2,3,1,Item 12211371
32,2,2,4,1,Item 12211381
32,2,2,3,1,Item 12211391
32,1,2,3,1,Item 12211400
32,1,2,2,1,Item 12211410
32,1,2,3,1,Item 12211420
32,1,2,3,1,Item 12211430
32,2,NaN,2,1,Item 12211441
32,2,1,4,1,Item 12211451
32,2,1,2,1,Item 12211461
32,1,2,2,1,Item 12211470
32,2,2,3,1,Item 12211481
32,2,2,2,1,Item 12211491
32,2,1,2,1,Item 12211501
32,1,1,4,1,Item 12211510
32,2,1,4,1,Item 12211521
32,1,2,3,1,Item 12211530
32,1,1,2,1,Item 12211540
32,1,2,3,1,Item 12211550
32,2,2,3,1,Item 12211561
32,1,1,2,1,Item 12211570
32,1,1,4,1,Item 12211580
32,2,2,3,1,Item 12211591
32,2,2,4,1,Item 12211601
36,1,2,4,1,Item 12211010
36,1,2,4,1,Item 12211020
36,2,1,3,1,Item 12211031
36,2,2,4,1,Item 12211041
36,2,2,4,1,Item 12211051
36,2,2,4,1,Item 12211061
36,1,1,4,1,Item 12211070
36,1,1,2,1,Item 12211080
36,2,1,3,1,Item 12211091
36,2,2,3,1,Item 12211101
36,1,1,4,1,Item 12211110
36,2,1,4,1,Item 12211121
36,1,1,3,1,Item 12211130
36,1,1,3,1,Item 12211140
36,1,1,4,1,Item 12211150
36,1,2,2,1,Item 12211160
36,2,1,3,1,Item 12211171
36,1,1,3,1,Item 12211180
36,1,2,3,1,Item 12211190
36,1,2,3,1,Item 12211200
36,2,2,4,1,Item 12211211
36,2,1,2,1,Item 12211221
36,2,1,2,1,Item 12211231
36,1,2,3,1,Item 12211240
36,2,1,2,1,Item 12211251
36,2,2,2,1,Item 12211261
36,1,1,3,1,Item 12211270
36,1,2,3,1,Item 12211280
36,2,2,2,1,Item 12211291
36,1,1,2,1,Item 12211300
36,2,2,4,1,Item 12211311
36,2,2,2,1,Item 12211321
36,1,1,4,1,Item 12211330
36,1,2,3,1,Item 12211340
36,2,1,2,1,Item 12211351
36,1,2,4,1,Item 12211360
36,2,1,2,1,Item 12211371
36,2,2,2,1,Item 12211381
36,2,1,1,1,Item 12211391
36,1,2,2,1,Item 12211400
36,1,1,3,1,Item 12211410
36,1,1,3,1,Item 12211420
36,1,2,2,1,Item 12211430
36,2,1,2,1,Item 12211441
36,2,2,3,1,Item 12211451
36,2,2,3,1,Item 12211461
36,1,1,2,1,Item 12211470
36,2,2,1,1,Item 12211481
36,2,2,3,1,Item 12211491
36,2,1,3,1,Item 12211501
36,1,1,4,1,Item 12211510
36,2,1,4,1,Item 12211521
36,1,1,3,1,Item 12211530
36,1,2,3,1,Item 12211540
36,1,2,2,1,Item 12211550
36,2,2,3,1,Item 12211561
36,1,2,2,1,Item 12211570
36,1,1,3,1,Item 12211580
36,2,1,3,1,Item 12211591
36,2,1,4,1,Item 12211601
40,1,1,3,1,Item 12211010
40,1,1,3,1,Item 12211020
40,2,2,4,1,Item 12211031
40,2,2,3,1,Item 12211041
40,2,2,2,1,Item 12211051
40,2,2,3,1,Item 12211061
40,1,2,3,1,Item 12211070
40,1,1,3,1,Item 12211080
40,2,2,3,1,Item 12211091
40,2,1,1,1,Item 12211101
40,1,1,2,1,Item 12211110
40,2,2,3,1,Item 12211121
40,1,2,3,1,Item 12211130
40,1,2,3,1,Item 12211140
40,1,1,1,1,Item 12211150
40,1,1,3,1,Item 12211160
40,2,2,4,1,Item 12211171
40,1,1,3,1,Item 12211180
40,1,1,4,1,Item 12211190
40,1,1,1,1,Item 12211200
40,2,2,2,1,Item 12211211
40,2,1,2,1,Item 12211221
40,2,2,4,1,Item 12211231
40,1,1,3,1,Item 12211240
40,2,2,3,1,Item 12211251
40,2,1,3,1,Item 12211261
40,1,1,4,1,Item 12211270
40,1,1,1,1,Item 12211280
40,2,1,1,1,Item 12211291
40,1,1,2,1,Item 12211300
40,2,2,2,1,Item 12211311
40,2,2,2,1,Item 12211321
40,1,1,1,1,Item 12211330
40,1,1,1,1,Item 12211340
40,2,2,2,1,Item 12211351
40,1,2,2,1,Item 12211360
40,2,2,2,1,Item 12211371
40,2,2,2,1,Item 12211381
40,2,2,3,1,Item 12211391
40,1,1,1,1,Item 12211400
40,1,1,3,1,Item 12211410
40,1,1,4,1,Item 12211420
40,1,2,2,1,Item 12211430
40,2,2,3,1,Item 12211441
40,2,1,2,1,Item 12211451
40,2,2,2,1,Item 12211461
40,1,1,2,1,Item 12211470
40,2,2,4,1,Item 12211481
40,2,2,3,1,Item 12211491
40,2,2,4,1,Item 12211501
40,1,1,3,1,Item 12211510
40,2,1,4,1,Item 12211521
40,1,1,4,1,Item 12211530
40,1,1,3,1,Item 12211540
40,1,2,2,1,Item 12211550
40,2,2,2,1,Item 12211561
40,1,1,3,1,Item 12211570
40,1,1,4,1,Item 12211580
40,2,2,1,1,Item 12211591
40,2,2,2,1,Item 12211601
44,1,1,2,1,Item 12211010
44,1,1,3,1,Item 12211020
44,2,2,2,1,Item 12211031
44,2,2,4,1,Item 12211041
44,2,2,2,1,Item 12211051
44,2,2,4,1,Item 12211061
44,1,1,2,1,Item 12211070
44,1,2,2,1,Item 12211080
44,2,2,3,1,Item 12211091
44,2,1,2,1,Item 12211101
44,1,1,3,1,Item 12211110
44,2,1,2,1,Item 12211121
44,1,1,3,1,Item 12211130
44,1,2,1,1,Item 12211140
44,1,2,2,1,Item 12211150
44,1,1,3,1,Item 12211160
44,2,2,2,1,Item 12211171
44,1,1,2,1,Item 12211180
44,1,2,3,1,Item 12211190
44,1,2,3,1,Item 12211200
44,2,2,4,1,Item 12211211
44,2,1,2,1,Item 12211221
44,2,2,3,1,Item 12211231
44,1,2,2,1,Item 12211240
44,2,2,1,1,Item 12211251
44,2,1,1,1,Item 12211261
44,1,1,2,1,Item 12211270
44,1,2,2,1,Item 12211280
44,2,2,2,1,Item 12211291
44,1,2,2,1,Item 12211300
44,2,2,3,1,Item 12211311
44,2,2,3,1,Item 12211321
44,1,1,3,1,Item 12211330
44,1,1,2,1,Item 12211340
44,2,2,1,1,Item 12211351
44,1,2,3,1,Item 12211360
44,2,2,4,1,Item 12211371
44,2,2,2,1,Item 12211381
44,2,2,1,1,Item 12211391
44,1,1,2,1,Item 12211400
44,1,2,2,1,Item 12211410
44,1,1,3,1,Item 12211420
44,1,2,3,1,Item 12211430
44,2,2,4,1,Item 12211441
44,2,2,4,1,Item 12211451
44,2,2,3,1,Item 12211461
44,1,1,2,1,Item 12211470
44,2,2,3,1,Item 12211481
44,2,2,2,1,Item 12211491
44,2,1,3,1,Item 12211501
44,1,1,4,1,Item 12211510
44,2,2,3,1,Item 12211521
44,1,2,1,1,Item 12211530
44,1,1,2,1,Item 12211540
44,1,2,2,1,Item 12211550
44,2,2,3,1,Item 12211561
44,1,2,1,1,Item 12211570
44,1,2,2,1,Item 12211580
44,2,1,2,1,Item 12211591
44,2,2,1,1,Item 12211601
48,1,2,3,1,Item 12211010
48,1,2,3,1,Item 12211020
48,2,1,2,1,Item 12211031
48,2,2,4,1,Item 12211041
48,2,2,4,1,Item 12211051
48,2,2,4,1,Item 12211061
48,1,2,3,1,Item 12211070
48,1,2,3,1,Item 12211080
48,2,1,3,1,Item 12211091
48,2,1,2,1,Item 12211101
48,1,2,3,1,Item 12211110
48,2,1,4,1,Item 12211121
48,1,2,3,1,Item 12211130
48,1,1,3,1,Item 12211140
48,1,1,2,1,Item 12211150
48,1,2,2,1,Item 12211160
48,2,1,1,1,Item 12211171
48,1,1,3,1,Item 12211180
48,1,1,3,1,Item 12211190
48,1,2,3,1,Item 12211200
48,2,2,3,1,Item 12211211
48,2,1,2,1,Item 12211221
48,2,1,1,1,Item 12211231
48,1,1,3,1,Item 12211240
48,2,1,1,1,Item 12211251
48,2,2,2,1,Item 12211261
48,1,1,3,1,Item 12211270
48,1,2,3,1,Item 12211280
48,2,2,4,1,Item 12211291
48,1,1,3,1,Item 12211300
48,2,2,4,1,Item 12211311
48,2,1,2,1,Item 12211321
48,1,1,3,1,Item 12211330
48,1,1,3,1,Item 12211340
48,2,1,1,1,Item 12211351
48,1,2,3,1,Item 12211360
48,2,2,4,1,Item 12211371
48,2,2,3,1,Item 12211381
48,2,1,1,1,Item 12211391
48,1,1,2,1,Item 12211400
48,1,1,3,1,Item 12211410
48,1,1,3,1,Item 12211420
48,1,1,3,1,Item 12211430
48,2,2,4,1,Item 12211441
48,2,2,3,1,Item 12211451
48,2,2,3,1,Item 12211461
48,1,1,2,1,Item 12211470
48,2,2,1,1,Item 12211481
48,2,1,2,1,Item 12211491
48,2,1,3,1,Item 12211501
48,1,1,3,1,Item 12211510
48,2,2,4,1,Item 12211521
48,1,1,3,1,Item 12211530
48,1,2,3,1,Item 12211540
48,1,1,3,1,Item 12211550
48,2,1,3,1,Item 12211561
48,1,1,3,1,Item 12211570
48,1,NaN,3,1,Item 12211580
48,2,1,3,1,Item 12211591
48,2,2,3,1,Item 12211601
52,1,1,3,1,Item 12211010
52,1,2,3,1,Item 12211020
52,2,1,1,1,Item 12211031
52,2,2,3,1,Item 12211041
52,2,1,2,1,Item 12211051
52,2,2,3,1,Item 12211061
52,1,1,3,1,Item 12211070
52,1,1,3,1,Item 12211080
52,2,2,3,1,Item 12211091
52,2,2,2,1,Item 12211101
52,1,2,3,1,Item 12211110
52,2,1,3,1,Item 12211121
52,1,1,2,1,Item 12211130
52,1,1,2,1,Item 12211140
52,1,1,3,1,Item 12211150
52,1,2,3,1,Item 12211160
52,2,2,2,1,Item 12211171
52,1,1,3,1,Item 12211180
52,1,1,3,1,Item 12211190
52,1,2,2,1,Item 12211200
52,2,2,4,1,Item 12211211
52,2,2,2,1,Item 12211221
52,2,2,3,1,Item 12211231
52,1,1,3,1,Item 12211240
52,2,2,3,1,Item 12211251
52,2,2,3,1,Item 12211261
52,1,1,3,1,Item 12211270
52,1,1,3,1,Item 12211280
52,2,2,3,1,Item 12211291
52,1,1,2,1,Item 12211300
52,2,2,3,1,Item 12211311
52,2,2,3,1,Item 12211321
52,1,2,2,1,Item 12211330
52,1,2,2,1,Item 12211340
52,2,2,2,1,Item 12211351
52,1,2,3,1,Item 12211360
52,2,2,4,1,Item 12211371
52,2,2,4,1,Item 12211381
52,2,1,2,1,Item 12211391
52,1,2,3,1,Item 12211400
52,1,2,2,1,Item 12211410
52,1,1,2,1,Item 12211420
52,1,1,2,1,Item 12211430
52,2,2,4,1,Item 12211441
52,2,2,3,1,Item 12211451
52,2,2,4,1,Item 12211461
52,1,2,2,1,Item 12211470
52,2,1,2,1,Item 12211481
52,2,2,3,1,Item 12211491
52,2,2,2,1,Item 12211501
52,1,1,3,1,Item 12211510
52,2,1,2,1,Item 12211521
52,1,1,2,1,Item 12211530
52,1,1,2,1,Item 12211540
52,1,2,2,1,Item 12211550
52,2,2,3,1,Item 12211561
52,1,1,2,1,Item 12211570
52,1,1,2,1,Item 12211580
52,2,1,3,1,Item 12211591
52,2,1,2,1,Item 12211601
4,2,1,2,2,Item 12221601
4,2,2,3,2,Item 12221591
4,1,2,3,2,Item 12221580
4,1,1,4,2,Item 12221570
4,2,2,4,2,Item 12221561
4,1,2,3,2,Item 12221550
4,1,1,3,2,Item 12221540
4,1,1,4,2,Item 12221530
4,2,1,3,2,Item 12221521
4,1,2,2,2,Item 12221510
4,2,2,3,2,Item 12221501
4,2,1,1,2,Item 12221491
4,2,1,3,2,Item 12221481
4,1,2,1,2,Item 12221470
4,2,2,2,2,Item 12221461
4,2,1,1,2,Item 12221451
4,2,2,4,2,Item 12221441
4,1,2,1,2,Item 12221430
4,1,1,4,2,Item 12221420
4,1,2,3,2,Item 12221410
4,1,2,2,2,Item 12221400
4,2,1,1,2,Item 12221391
4,2,1,3,2,Item 12221381
4,2,2,2,2,Item 12221371
4,1,2,4,2,Item 12221360
4,2,2,2,2,Item 12221351
4,1,1,2,2,Item 12221340
4,1,1,3,2,Item 12221330
4,2,2,3,2,Item 12221321
4,2,2,4,2,Item 12221311
4,1,1,2,2,Item 12221300
4,2,2,4,2,Item 12221291
4,1,1,1,2,Item 12221280
4,1,1,4,2,Item 12221270
4,2,2,2,2,Item 12221261
4,2,1,1,2,Item 12221251
4,1,2,3,2,Item 12221240
4,2,1,1,2,Item 12221231
4,2,1,4,2,Item 12221221
4,2,2,4,2,Item 12221211
4,1,2,3,2,Item 12221200
4,1,1,3,2,Item 12221190
4,1,1,1,2,Item 12221180
4,2,2,2,2,Item 12221171
4,1,2,3,2,Item 12221160
4,1,1,1,2,Item 12221150
4,1,2,2,2,Item 12221140
4,1,2,3,2,Item 12221130
4,2,1,4,2,Item 12221121
4,1,2,3,2,Item 12221110
4,2,2,3,2,Item 12221101
4,2,1,2,2,Item 12221091
4,1,2,3,2,Item 12221080
4,1,2,3,2,Item 12221070
4,2,1,1,2,Item 12221061
4,2,1,4,2,Item 12221051
4,2,2,1,2,Item 12221041
4,2,2,2,2,Item 12221031
4,1,2,4,2,Item 12221020
4,1,1,1,2,Item 12221010
8,2,2,2,2,Item 12221601
8,2,2,2,2,Item 12221591
8,1,2,3,2,Item 12221580
8,1,2,2,2,Item 12221570
8,2,2,2,2,Item 12221561
8,1,2,3,2,Item 12221550
8,1,1,2,2,Item 12221540
8,1,2,2,2,Item 12221530
8,2,1,2,2,Item 12221521
8,1,2,2,2,Item 12221510
8,2,1,2,2,Item 12221501
8,2,2,2,2,Item 12221491
8,2,2,3,2,Item 12221481
8,1,2,2,2,Item 12221470
8,2,2,3,2,Item 12221461
8,2,2,3,2,Item 12221451
8,2,2,3,2,Item 12221441
8,1,1,2,2,Item 12221430
8,1,1,2,2,Item 12221420
8,1,2,2,2,Item 12221410
8,1,2,2,2,Item 12221400
8,2,2,2,2,Item 12221391
8,2,2,3,2,Item 12221381
8,2,2,3,2,Item 12221371
8,1,2,2,2,Item 12221360
8,2,2,2,2,Item 12221351
8,1,2,2,2,Item 12221340
8,1,2,1,2,Item 12221330
8,2,2,2,2,Item 12221321
8,2,2,3,2,Item 12221311
8,1,1,2,2,Item 12221300
8,2,2,3,2,Item 12221291
8,1,1,1,2,Item 12221280
8,1,2,2,2,Item 12221270
8,2,2,3,2,Item 12221261
8,2,1,2,2,Item 12221251
8,1,1,2,2,Item 12221240
8,2,2,2,2,Item 12221231
8,2,2,2,2,Item 12221221
8,2,2,2,2,Item 12221211
8,1,2,3,2,Item 12221200
8,1,1,3,2,Item 12221190
8,1,2,2,2,Item 12221180
8,2,2,3,2,Item 12221171
8,1,1,2,2,Item 12221160
8,1,2,3,2,Item 12221150
8,1,2,2,2,Item 12221140
8,1,1,2,2,Item 12221130
8,2,2,1,2,Item 12221121
8,1,2,2,2,Item 12221110
8,2,2,3,2,Item 12221101
8,2,2,3,2,Item 12221091
8,1,1,2,2,Item 12221080
8,1,2,2,2,Item 12221070
8,2,2,4,2,Item 12221061
8,2,2,3,2,Item 12221051
8,2,2,3,2,Item 12221041
8,2,2,2,2,Item 12221031
8,1,2,2,2,Item 12221020
8,1,2,2,2,Item 12221010
12,2,2,3,2,Item 12221601
12,2,2,1,2,Item 12221591
12,1,1,3,2,Item 12221580
12,1,1,1,2,Item 12221570
12,2,1,3,2,Item 12221561
12,1,2,3,2,Item 12221550
12,1,1,1,2,Item 12221540
12,1,1,1,2,Item 12221530
12,2,2,2,2,Item 12221521
12,1,1,1,2,Item 12221510
12,2,2,2,2,Item 12221501
12,2,2,3,2,Item 12221491
12,2,1,1,2,Item 12221481
12,1,1,1,2,Item 12221470
12,2,1,1,2,Item 12221461
12,2,2,1,2,Item 12221451
12,2,2,2,2,Item 12221441
12,1,2,1,2,Item 12221430
12,1,1,3,2,Item 12221420
12,1,1,1,2,Item 12221410
12,1,1,1,2,Item 12221400
12,2,1,1,2,Item 12221391
12,2,2,2,2,Item 12221381
12,2,2,2,2,Item 12221371
12,1,1,1,2,Item 12221360
12,2,1,3,2,Item 12221351
12,1,2,1,2,Item 12221340
12,1,2,1,2,Item 12221330
12,2,2,2,2,Item 12221321
12,2,1,1,2,Item 12221311
12,1,1,2,2,Item 12221300
12,2,1,1,2,Item 12221291
12,1,1,1,2,Item 12221280
12,1,1,3,2,Item 12221270
12,2,2,2,2,Item 12221261
12,2,2,1,2,Item 12221251
12,1,1,1,2,Item 12221240
12,2,2,1,2,Item 12221231
12,2,2,1,2,Item 12221221
12,2,2,1,2,Item 12221211
12,1,1,1,2,Item 12221200
12,1,2,1,2,Item 12221190
12,1,1,1,2,Item 12221180
12,2,2,1,2,Item 12221171
12,1,2,1,2,Item 12221160
12,1,2,1,2,Item 12221150
12,1,2,1,2,Item 12221140
12,1,2,2,2,Item 12221130
12,2,2,1,2,Item 12221121
12,1,1,1,2,Item 12221110
12,2,2,1,2,Item 12221101
12,2,1,1,2,Item 12221091
12,1,1,1,2,Item 12221080
12,1,2,2,2,Item 12221070
12,2,NaN,2,2,Item 12221061
12,2,2,1,2,Item 12221051
12,2,2,1,2,Item 12221041
12,2,2,1,2,Item 12221031
12,1,1,2,2,Item 12221020
12,1,2,1,2,Item 12221010
16,2,1,2,2,Item 12221601
16,2,2,2,2,Item 12221591
16,1,1,2,2,Item 12221580
16,1,1,2,2,Item 12221570
16,2,2,3,2,Item 12221561
16,1,2,2,2,Item 12221550
16,1,2,2,2,Item 12221540
16,1,1,2,2,Item 12221530
16,2,1,4,2,Item 12221521
16,1,1,2,2,Item 12221510
16,2,2,2,2,Item 12221501
16,2,2,3,2,Item 12221491
16,2,2,3,2,Item 12221481
16,1,1,2,2,Item 12221470
16,2,2,2,2,Item 12221461
16,2,2,4,2,Item 12221451
16,2,1,3,2,Item 12221441
16,1,2,2,2,Item 12221430
16,1,1,4,2,Item 12221420
16,1,2,2,2,Item 12221410
16,1,2,2,2,Item 12221400
16,2,2,2,2,Item 12221391
16,2,2,3,2,Item 12221381
16,2,2,2,2,Item 12221371
16,1,1,3,2,Item 12221360
16,2,1,3,2,Item 12221351
16,1,1,2,2,Item 12221340
16,1,1,2,2,Item 12221330
16,2,2,3,2,Item 12221321
16,2,1,2,2,Item 12221311
16,1,2,1,2,Item 12221300
16,2,1,3,2,Item 12221291
16,1,1,2,2,Item 12221280
16,1,1,4,2,Item 12221270
16,2,1,2,2,Item 12221261
16,2,1,2,2,Item 12221251
16,1,2,2,2,Item 12221240
16,2,2,2,2,Item 12221231
16,2,1,2,2,Item 12221221
16,2,2,3,2,Item 12221211
16,1,1,2,2,Item 12221200
16,1,1,4,2,Item 12221190
16,1,2,2,2,Item 12221180
16,2,2,3,2,Item 12221171
16,1,2,2,2,Item 12221160
16,1,2,2,2,Item 12221150
16,1,1,2,2,Item 12221140
16,1,1,2,2,Item 12221130
16,2,1,2,2,Item 12221121
16,1,1,3,2,Item 12221110
16,2,1,2,2,Item 12221101
16,2,1,3,2,Item 12221091
16,1,2,2,2,Item 12221080
16,1,1,2,2,Item 12221070
16,2,1,2,2,Item 12221061
16,2,1,3,2,Item 12221051
16,2,1,4,2,Item 12221041
16,2,2,3,2,Item 12221031
16,1,1,3,2,Item 12221020
16,1,2,2,2,Item 12221010
20,2,1,2,2,Item 12221601
20,2,1,1,2,Item 12221591
20,1,2,3,2,Item 12221580
20,1,2,2,2,Item 12221570
20,2,2,2,2,Item 12221561
20,1,1,2,2,Item 12221550
20,1,2,3,2,Item 12221540
20,1,1,2,2,Item 12221530
20,2,2,2,2,Item 12221521
20,1,1,2,2,Item 12221510
20,2,2,2,2,Item 12221501
20,2,2,2,2,Item 12221491
20,2,2,3,2,Item 12221481
20,1,2,2,2,Item 12221470
20,2,2,3,2,Item 12221461
20,2,2,3,2,Item 12221451
20,2,2,2,2,Item 12221441
20,1,2,3,2,Item 12221430
20,1,2,2,2,Item 12221420
20,1,1,1,2,Item 12221410
20,1,2,2,2,Item 12221400
20,2,1,1,2,Item 12221391
20,2,2,2,2,Item 12221381
20,2,2,2,2,Item 12221371
20,1,2,2,2,Item 12221360
20,2,1,3,2,Item 12221351
20,1,2,2,2,Item 12221340
20,1,1,2,2,Item 12221330
20,2,2,2,2,Item 12221321
20,2,2,2,2,Item 12221311
20,1,2,2,2,Item 12221300
20,2,2,2,2,Item 12221291
20,1,2,2,2,Item 12221280
20,1,1,2,2,Item 12221270
20,2,2,2,2,Item 12221261
20,2,2,2,2,Item 12221251
20,1,2,2,2,Item 12221240
20,2,2,2,2,Item 12221231
20,2,1,2,2,Item 12221221
20,2,2,3,2,Item 12221211
20,1,2,2,2,Item 12221200
20,1,2,2,2,Item 12221190
20,1,1,1,2,Item 12221180
20,2,1,2,2,Item 12221171
20,1,2,2,2,Item 12221160
20,1,2,2,2,Item 12221150
20,1,2,2,2,Item 12221140
20,1,2,2,2,Item 12221130
20,2,1,2,2,Item 12221121
20,1,2,3,2,Item 12221110
20,2,2,2,2,Item 12221101
20,2,2,2,2,Item 12221091
20,1,2,2,2,Item 12221080
20,1,2,2,2,Item 12221070
20,2,2,4,2,Item 12221061
20,2,2,2,2,Item 12221051
20,2,2,4,2,Item 12221041
20,2,1,2,2,Item 12221031
20,1,2,3,2,Item 12221020
20,1,1,2,2,Item 12221010
25,2,1,3,1,Item 12221601
25,2,2,1,1,Item 12221591
25,1,2,2,1,Item 12221580
25,1,1,1,1,Item 12221570
25,2,2,3,1,Item 12221561
25,1,2,2,1,Item 12221550
25,1,2,1,1,Item 12221540
25,1,1,1,1,Item 12221530
25,2,1,2,1,Item 12221521
25,1,1,3,1,Item 12221510
25,2,2,2,1,Item 12221501
25,2,2,3,1,Item 12221491
25,2,2,2,1,Item 12221481
25,1,1,1,1,Item 12221470
25,2,2,3,1,Item 12221461
25,2,2,2,1,Item 12221451
25,2,2,3,1,Item 12221441
25,1,1,2,1,Item 12221430
25,1,2,2,1,Item 12221420
25,1,1,3,1,Item 12221410
25,1,1,1,1,Item 12221400
25,2,2,3,1,Item 12221391
25,2,1,2,1,Item 12221381
25,2,1,2,1,Item 12221371
25,1,2,1,1,Item 12221360
25,2,2,2,1,Item 12221351
25,1,1,2,1,Item 12221340
25,1,1,1,1,Item 12221330
25,2,2,3,1,Item 12221321
25,2,2,2,1,Item 12221311
25,1,2,1,1,Item 12221300
25,2,1,1,1,Item 12221291
25,1,2,1,1,Item 12221280
25,1,2,2,1,Item 12221270
25,2,2,2,1,Item 12221261
25,2,2,1,1,Item 12221251
25,1,2,2,1,Item 12221240
25,2,1,2,1,Item 12221231
25,2,1,1,1,Item 12221221
25,2,2,3,1,Item 12221211
25,1,2,2,1,Item 12221200
25,1,1,3,1,Item 12221190
25,1,2,2,1,Item 12221180
25,2,2,2,1,Item 12221171
25,1,1,1,1,Item 12221160
25,1,1,1,1,Item 12221150
25,1,2,1,1,Item 12221140
25,1,2,2,1,Item 12221130
25,2,1,3,1,Item 12221121
25,1,2,2,1,Item 12221110
25,2,2,1,1,Item 12221101
25,2,2,2,1,Item 12221091
25,1,2,2,1,Item 12221080
25,1,1,1,1,Item 12221070
25,2,2,2,1,Item 12221061
25,2,1,1,1,Item 12221051
25,2,2,2,1,Item 12221041
25,2,2,2,1,Item 12221031
25,1,2,2,1,Item 12221020
25,1,2,1,1,Item 12221010
29,2,1,1,1,Item 12221601
29,2,2,2,1,Item 12221591
29,1,2,2,1,Item 12221580
29,1,2,2,1,Item 12221570
29,2,2,2,1,Item 12221561
29,1,1,3,1,Item 12221550
29,1,2,2,1,Item 12221540
29,1,1,2,1,Item 12221530
29,2,2,3,1,Item 12221521
29,1,2,3,1,Item 12221510
29,2,1,2,1,Item 12221501
29,2,1,2,1,Item 12221491
29,2,2,3,1,Item 12221481
29,1,1,2,1,Item 12221470
29,2,1,1,1,Item 12221461
29,2,1,2,1,Item 12221451
29,2,2,2,1,Item 12221441
29,1,2,3,1,Item 12221430
29,1,1,3,1,Item 12221420
29,1,2,2,1,Item 12221410
29,1,2,3,1,Item 12221400
29,2,1,2,1,Item 12221391
29,2,1,3,1,Item 12221381
29,2,2,3,1,Item 12221371
29,1,2,2,1,Item 12221360
29,2,1,2,1,Item 12221351
29,1,1,2,1,Item 12221340
29,1,2,1,1,Item 12221330
29,2,1,3,1,Item 12221321
29,2,1,2,1,Item 12221311
29,1,2,2,1,Item 12221300
29,2,2,3,1,Item 12221291
29,1,2,3,1,Item 12221280
29,1,2,3,1,Item 12221270
29,2,2,2,1,Item 12221261
29,2,1,3,1,Item 12221251
29,1,2,2,1,Item 12221240
29,2,1,2,1,Item 12221231
29,2,2,2,1,Item 12221221
29,2,1,2,1,Item 12221211
29,1,1,1,1,Item 12221200
29,1,2,3,1,Item 12221190
29,1,2,1,1,Item 12221180
29,2,1,2,1,Item 12221171
29,1,2,2,1,Item 12221160
29,1,1,1,1,Item 12221150
29,1,1,2,1,Item 12221140
29,1,1,2,1,Item 12221130
29,2,2,3,1,Item 12221121
29,1,2,3,1,Item 12221110
29,2,1,2,1,Item 12221101
29,2,1,2,1,Item 12221091
29,1,1,2,1,Item 12221080
29,1,2,1,1,Item 12221070
29,2,2,3,1,Item 12221061
29,2,1,2,1,Item 12221051
29,2,2,2,1,Item 12221041
29,2,1,1,1,Item 12221031
29,1,2,3,1,Item 12221020
29,1,2,2,1,Item 12221010
33,2,2,2,1,Item 12221601
33,2,2,3,1,Item 12221591
33,1,2,4,1,Item 12221580
33,1,1,3,1,Item 12221570
33,2,1,1,1,Item 12221561
33,1,1,1,1,Item 12221550
33,1,2,2,1,Item 12221540
33,1,1,2,1,Item 12221530
33,2,2,3,1,Item 12221521
33,1,1,2,1,Item 12221510
33,2,2,3,1,Item 12221501
33,2,2,3,1,Item 12221491
33,2,2,3,1,Item 12221481
33,1,1,3,1,Item 12221470
33,2,2,3,1,Item 12221461
33,2,2,3,1,Item 12221451
33,2,2,4,1,Item 12221441
33,1,2,3,1,Item 12221430
33,1,1,2,1,Item 12221420
33,1,1,3,1,Item 12221410
33,1,1,3,1,Item 12221400
33,2,2,1,1,Item 12221391
33,2,2,2,1,Item 12221381
33,2,2,1,1,Item 12221371
33,1,2,4,1,Item 12221360
33,2,1,3,1,Item 12221351
33,1,1,2,1,Item 12221340
33,1,1,2,1,Item 12221330
33,2,2,2,1,Item 12221321
33,2,2,3,1,Item 12221311
33,1,2,4,1,Item 12221300
33,2,1,2,1,Item 12221291
33,1,1,2,1,Item 12221280
33,1,2,2,1,Item 12221270
33,2,1,2,1,Item 12221261
33,2,2,2,1,Item 12221251
33,1,2,3,1,Item 12221240
33,2,2,2,1,Item 12221231
33,2,2,2,1,Item 12221221
33,2,2,4,1,Item 12221211
33,1,2,4,1,Item 12221200
33,1,2,3,1,Item 12221190
33,1,1,2,1,Item 12221180
33,2,1,2,1,Item 12221171
33,1,2,1,1,Item 12221160
33,1,1,2,1,Item 12221150
33,1,1,2,1,Item 12221140
33,1,1,2,1,Item 12221130
33,2,1,3,1,Item 12221121
33,1,2,2,1,Item 12221110
33,2,1,1,1,Item 12221101
33,2,2,4,1,Item 12221091
33,1,2,3,1,Item 12221080
33,1,2,2,1,Item 12221070
33,2,2,3,1,Item 12221061
33,2,2,2,1,Item 12221051
33,2,2,4,1,Item 12221041
33,2,2,2,1,Item 12221031
33,1,2,3,1,Item 12221020
33,1,1,2,1,Item 12221010
37,2,2,3,1,Item 12221601
37,2,2,2,1,Item 12221591
37,1,1,3,1,Item 12221580
37,1,1,2,1,Item 12221570
37,2,2,4,1,Item 12221561
37,1,1,3,1,Item 12221550
37,1,1,3,1,Item 12221540
37,1,1,3,1,Item 12221530
37,2,2,4,1,Item 12221521
37,1,1,4,1,Item 12221510
37,2,2,3,1,Item 12221501
37,2,2,3,1,Item 12221491
37,2,1,3,1,Item 12221481
37,1,1,4,1,Item 12221470
37,2,2,4,1,Item 12221461
37,2,2,4,1,Item 12221451
37,2,2,4,1,Item 12221441
37,1,1,3,1,Item 12221430
37,1,1,2,1,Item 12221420
37,1,1,3,1,Item 12221410
37,1,2,2,1,Item 12221400
37,2,1,3,1,Item 12221391
37,2,1,2,1,Item 12221381
37,2,2,3,1,Item 12221371
37,1,1,2,1,Item 12221360
37,2,1,2,1,Item 12221351
37,1,1,2,1,Item 12221340
37,1,2,2,1,Item 12221330
37,2,2,2,1,Item 12221321
37,2,2,4,1,Item 12221311
37,1,2,3,1,Item 12221300
37,2,2,3,1,Item 12221291
37,1,1,3,1,Item 12221280
37,1,1,2,1,Item 12221270
37,2,1,2,1,Item 12221261
37,2,1,2,1,Item 12221251
37,1,1,1,1,Item 12221240
37,2,2,2,1,Item 12221231
37,2,2,4,1,Item 12221221
37,2,2,4,1,Item 12221211
37,1,2,3,1,Item 12221200
37,1,1,4,1,Item 12221190
37,1,2,2,1,Item 12221180
37,2,2,3,1,Item 12221171
37,1,1,2,1,Item 12221160
37,1,1,2,1,Item 12221150
37,1,1,4,1,Item 12221140
37,1,2,4,1,Item 12221130
37,2,1,3,1,Item 12221121
37,1,2,2,1,Item 12221110
37,2,2,2,1,Item 12221101
37,2,2,2,1,Item 12221091
37,1,2,3,1,Item 12221080
37,1,1,3,1,Item 12221070
37,2,1,3,1,Item 12221061
37,2,1,2,1,Item 12221051
37,2,2,2,1,Item 12221041
37,2,2,4,1,Item 12221031
37,1,2,2,1,Item 12221020
37,1,2,2,1,Item 12221010
41,2,2,2,1,Item 12221601
41,2,1,3,1,Item 12221591
41,1,1,3,1,Item 12221580
41,1,1,2,1,Item 12221570
41,2,2,2,1,Item 12221561
41,1,2,3,1,Item 12221550
41,1,2,2,1,Item 12221540
41,1,2,2,1,Item 12221530
41,2,2,3,1,Item 12221521
41,1,2,2,1,Item 12221510
41,2,1,2,1,Item 12221501
41,2,2,3,1,Item 12221491
41,2,2,2,1,Item 12221481
41,1,1,2,1,Item 12221470
41,2,2,2,1,Item 12221461
41,2,1,2,1,Item 12221451
41,2,2,3,1,Item 12221441
41,1,1,2,1,Item 12221430
41,1,1,1,1,Item 12221420
41,1,1,3,1,Item 12221410
41,1,1,2,1,Item 12221400
41,2,2,1,1,Item 12221391
41,2,2,3,1,Item 12221381
41,2,2,2,1,Item 12221371
41,1,2,2,1,Item 12221360
41,2,2,3,1,Item 12221351
41,1,1,1,1,Item 12221340
41,1,1,2,1,Item 12221330
41,2,2,2,1,Item 12221321
41,2,2,3,1,Item 12221311
41,1,1,2,1,Item 12221300
41,2,1,2,1,Item 12221291
41,1,1,2,1,Item 12221280
41,1,1,2,1,Item 12221270
41,2,2,3,1,Item 12221261
41,2,2,2,1,Item 12221251
41,1,1,1,1,Item 12221240
41,2,2,2,1,Item 12221231
41,2,1,2,1,Item 12221221
41,2,2,1,1,Item 12221211
41,1,1,2,1,Item 12221200
41,1,1,2,1,Item 12221190
41,1,1,3,1,Item 12221180
41,2,2,2,1,Item 12221171
41,1,1,3,1,Item 12221160
41,1,2,3,1,Item 12221150
41,1,2,1,1,Item 12221140
41,1,1,2,1,Item 12221130
41,2,1,2,1,Item 12221121
41,1,2,2,1,Item 12221110
41,2,1,2,1,Item 12221101
41,2,2,3,1,Item 12221091
41,1,2,2,1,Item 12221080
41,1,2,2,1,Item 12221070
41,2,2,2,1,Item 12221061
41,2,1,3,1,Item 12221051
41,2,2,3,1,Item 12221041
41,2,1,2,1,Item 12221031
41,1,2,3,1,Item 12221020
41,1,2,2,1,Item 12221010
45,2,2,1,1,Item 12221601
45,2,1,1,1,Item 12221591
45,1,1,2,1,Item 12221580
45,1,1,2,1,Item 12221570
45,2,NaN,2,1,Item 12221561
45,1,2,2,1,Item 12221550
45,1,1,2,1,Item 12221540
45,1,1,2,1,Item 12221530
45,2,2,2,1,Item 12221521
45,1,1,2,1,Item 12221510
45,2,2,2,1,Item 12221501
45,2,2,2,1,Item 12221491
45,2,2,2,1,Item 12221481
45,1,1,2,1,Item 12221470
45,2,1,2,1,Item 12221461
45,2,2,2,1,Item 12221451
45,2,2,2,1,Item 12221441
45,1,2,2,1,Item 12221430
45,1,1,1,1,Item 12221420
45,1,1,2,1,Item 12221410
45,1,2,3,1,Item 12221400
45,2,2,2,1,Item 12221391
45,2,1,2,1,Item 12221381
45,2,1,1,1,Item 12221371
45,1,2,2,1,Item 12221360
45,2,1,1,1,Item 12221351
45,1,1,1,1,Item 12221340
45,1,1,1,1,Item 12221330
45,2,2,1,1,Item 12221321
45,2,2,1,1,Item 12221311
45,1,2,2,1,Item 12221300
45,2,2,2,1,Item 12221291
45,1,1,1,1,Item 12221280
45,1,1,1,1,Item 12221270
45,2,2,1,1,Item 12221261
45,2,1,1,1,Item 12221251
45,1,2,2,1,Item 12221240
45,2,2,3,1,Item 12221231
45,2,1,2,1,Item 12221221
45,2,2,2,1,Item 12221211
45,1,1,1,1,Item 12221200
45,1,1,1,1,Item 12221190
45,1,2,1,1,Item 12221180
45,2,2,1,1,Item 12221171
45,1,1,1,1,Item 12221160
45,1,2,1,1,Item 12221150
45,1,2,2,1,Item 12221140
45,1,2,1,1,Item 12221130
45,2,2,1,1,Item 12221121
45,1,1,1,1,Item 12221110
45,2,2,1,1,Item 12221101
45,2,2,3,1,Item 12221091
45,1,2,3,1,Item 12221080
45,1,2,1,1,Item 12221070
45,2,2,1,1,Item 12221061
45,2,1,1,1,Item 12221051
45,2,2,2,1,Item 12221041
45,2,NaN,1,1,Item 12221031
45,1,1,2,1,Item 12221020
45,1,1,2,1,Item 12221010
49,2,2,3,1,Item 12221601
49,2,1,2,1,Item 12221591
49,1,1,4,1,Item 12221580
49,1,1,4,1,Item 12221570
49,2,2,3,1,Item 12221561
49,1,1,4,1,Item 12221550
49,1,1,3,1,Item 12221540
49,1,1,3,1,Item 12221530
49,2,2,2,1,Item 12221521
49,1,1,4,1,Item 12221510
49,2,1,2,1,Item 12221501
49,2,2,4,1,Item 12221491
49,2,2,3,1,Item 12221481
49,1,2,2,1,Item 12221470
49,2,2,4,1,Item 12221461
49,2,1,3,1,Item 12221451
49,2,2,4,1,Item 12221441
49,1,1,1,1,Item 12221430
49,1,2,4,1,Item 12221420
49,1,2,2,1,Item 12221410
49,1,1,1,1,Item 12221400
49,2,2,3,1,Item 12221391
49,2,2,4,1,Item 12221381
49,2,1,4,1,Item 12221371
49,1,1,2,1,Item 12221360
49,2,2,4,1,Item 12221351
49,1,1,3,1,Item 12221340
49,1,1,4,1,Item 12221330
49,2,2,3,1,Item 12221321
49,2,1,2,1,Item 12221311
49,1,1,4,1,Item 12221300
49,2,1,2,1,Item 12221291
49,1,1,4,1,Item 12221280
49,1,2,2,1,Item 12221270
49,2,1,2,1,Item 12221261
49,2,1,4,1,Item 12221251
49,1,2,1,1,Item 12221240
49,2,1,4,1,Item 12221231
49,2,2,2,1,Item 12221221
49,2,1,2,1,Item 12221211
49,1,1,3,1,Item 12221200
49,1,1,4,1,Item 12221190
49,1,2,3,1,Item 12221180
49,2,1,4,1,Item 12221171
49,1,1,4,1,Item 12221160
49,1,1,3,1,Item 12221150
49,1,1,3,1,Item 12221140
49,1,1,3,1,Item 12221130
49,2,1,2,1,Item 12221121
49,1,1,4,1,Item 12221110
49,2,2,4,1,Item 12221101
49,2,2,4,1,Item 12221091
49,1,1,3,1,Item 12221080
49,1,2,2,1,Item 12221070
49,2,2,4,1,Item 12221061
49,2,1,2,1,Item 12221051
49,2,2,1,1,Item 12221041
49,2,1,1,1,Item 12221031
49,1,2,4,1,Item 12221020
49,1,2,2,1,Item 12221010
50,2,1,3,1,Item 12221601
50,2,1,4,1,Item 12221591
50,1,2,3,1,Item 12221580
50,1,1,1,1,Item 12221570
50,2,2,3,1,Item 12221561
50,1,1,4,1,Item 12221550
50,1,2,2,1,Item 12221540
50,1,1,2,1,Item 12221530
50,2,2,3,1,Item 12221521
50,1,1,3,1,Item 12221510
50,2,1,2,1,Item 12221501
50,2,2,1,1,Item 12221491
50,2,1,1,1,Item 12221481
50,1,1,3,1,Item 12221470
50,2,1,1,1,Item 12221461
50,2,2,3,1,Item 12221451
50,2,2,3,1,Item 12221441
50,1,1,1,1,Item 12221430
50,1,1,3,1,Item 12221420
50,1,1,1,1,Item 12221410
50,1,2,1,1,Item 12221400
50,2,2,3,1,Item 12221391
50,2,2,2,1,Item 12221381
50,2,2,1,1,Item 12221371
50,1,1,3,1,Item 12221360
50,2,2,4,1,Item 12221351
50,1,1,4,1,Item 12221340
50,1,2,3,1,Item 12221330
50,2,2,1,1,Item 12221321
50,2,2,3,1,Item 12221311
50,1,1,3,1,Item 12221300
50,2,1,3,1,Item 12221291
50,1,1,3,1,Item 12221280
50,1,2,2,1,Item 12221270
50,2,2,2,1,Item 12221261
50,2,2,1,1,Item 12221251
50,1,1,2,1,Item 12221240
50,2,2,2,1,Item 12221231
50,2,2,3,1,Item 12221221
50,2,1,2,1,Item 12221211
50,1,1,3,1,Item 12221200
50,1,1,4,1,Item 12221190
50,1,1,3,1,Item 12221180
50,2,2,3,1,Item 12221171
50,1,2,2,1,Item 12221160
50,1,1,2,1,Item 12221150
50,1,2,3,1,Item 12221140
50,1,2,3,1,Item 12221130
50,2,1,3,1,Item 12221121
50,1,2,1,1,Item 12221110
50,2,2,3,1,Item 12221101
50,2,1,3,1,Item 12221091
50,1,2,3,1,Item 12221080
50,1,1,2,1,Item 12221070
50,2,1,3,1,Item 12221061
50,2,2,4,1,Item 12221051
50,2,1,3,1,Item 12221041
50,2,1,1,1,Item 12221031
50,1,1,3,1,Item 12221020
50,1,2,3,1,Item 12221010
53,2,2,3,1,Item 12221601
53,2,2,2,1,Item 12221591
53,1,2,3,1,Item 12221580
53,1,1,2,1,Item 12221570
53,2,2,4,1,Item 12221561
53,1,2,2,1,Item 12221550
53,1,2,3,1,Item 12221540
53,1,1,3,1,Item 12221530
53,2,1,4,1,Item 12221521
53,1,1,3,1,Item 12221510
53,2,2,2,1,Item 12221501
53,2,2,4,1,Item 12221491
53,2,2,2,1,Item 12221481
53,1,2,1,1,Item 12221470
53,2,2,4,1,Item 12221461
53,2,2,4,1,Item 12221451
53,2,1,3,1,Item 12221441
53,1,1,2,1,Item 12221430
53,1,1,3,1,Item 12221420
53,1,1,2,1,Item 12221410
53,1,2,2,1,Item 12221400
53,2,2,3,1,Item 12221391
53,2,2,4,1,Item 12221381
53,2,2,4,1,Item 12221371
53,1,2,2,1,Item 12221360
53,2,1,3,1,Item 12221351
53,1,2,3,1,Item 12221340
53,1,1,1,1,Item 12221330
53,2,2,4,1,Item 12221321
53,2,2,3,1,Item 12221311
53,1,2,2,1,Item 12221300
53,2,1,2,1,Item 12221291
53,1,1,4,1,Item 12221280
53,1,1,3,1,Item 12221270
53,2,2,1,1,Item 12221261
53,2,2,3,1,Item 12221251
53,1,2,3,1,Item 12221240
53,2,1,1,1,Item 12221231
53,2,2,2,1,Item 12221221
53,2,2,3,1,Item 12221211
53,1,2,2,1,Item 12221200
53,1,1,4,1,Item 12221190
53,1,1,3,1,Item 12221180
53,2,1,1,1,Item 12221171
53,1,2,3,1,Item 12221160
53,1,2,2,1,Item 12221150
53,1,1,1,1,Item 12221140
53,1,2,2,1,Item 12221130
53,2,2,3,1,Item 12221121
53,1,1,3,1,Item 12221110
53,2,2,3,1,Item 12221101
53,2,2,4,1,Item 12221091
53,1,1,2,1,Item 12221080
53,1,2,3,1,Item 12221070
53,2,2,4,1,Item 12221061
53,2,2,3,1,Item 12221051
53,2,2,4,1,Item 12221041
53,2,1,2,1,Item 12221031
53,1,2,3,1,Item 12221020
53,1,1,3,1,Item 12221010