Subj_idx,Stimulus,Response,Confidence,Correct,RT_dec,RT_conf
1,1,1,2,1,1.674789723,0.339370381
1,1,1,2,1,1.645542054,0.27771477
1,1,1,2,1,2.985060791,0.136032549
1,2,1,2,0,0.863423944,0.21721522
1,2,1,2,0,1.186079505,0.283010347
1,2,2,1,1,2.784091529,0.288328317
1,1,2,2,0,7.731521581,0.818254554
1,2,1,2,0,1.959130146,0.058033942
1,1,1,2,1,3.740847507,0.321455647
1,1,2,1,0,1.759537613,0.141544595
1,2,1,2,0,0.722009044,0.156534189
1,2,1,2,0,2.284636669,0.319468231
1,2,1,2,0,3.408376631,0.928546336
1,1,1,2,1,1.42024281,1.055786203
1,2,1,2,0,4.349761394,0.285140521
1,2,2,1,1,1.510966477,0.305436889
1,1,1,2,1,1.61117982,0.298042395
1,2,1,1,0,6.126068877,3.839794223
1,1,2,2,0,2.77179661,0.522786002
1,1,1,2,1,1.47387318,0.292402986
1,2,1,2,0,1.590403394,0.352645012
1,1,1,1,1,3.37923393,0.437464281
1,2,1,2,0,1.373548802,0.199892978
1,1,1,2,1,1.041160035,0.003012381
1,1,2,2,0,3.219961213,0.457947261
1,1,2,2,0,2.579056463,0.348201785
1,2,2,2,1,3.662586244,0.547203225
1,1,1,2,1,0.851345961,1.605010434
1,1,2,1,0,2.221600597,0.61838257
1,2,1,2,0,1.960486814,0.372643268
1,2,1,2,0,1.167527491,0.167513496
1,2,2,2,1,5.971259448,1.207253415
1,2,1,2,0,1.290852242,0.087902563
1,2,1,2,0,3.478351397,0.625666496
1,2,1,2,0,0.90251772,0.066778105
1,1,1,2,1,0.883785626,0.000367159
1,1,1,2,1,3.044713591,0.225476525
1,1,1,2,1,3.972428571,0.241949683
1,1,1,2,1,1.385397719,0.126961349
1,2,1,2,0,0.761579613,0.169916123
1,1,1,2,1,1.515788526,0.095551314
1,1,2,1,0,2.684807046,0.200299325
1,2,1,2,0,1.263341462,0.264058984
1,2,1,2,0,0.891685837,0.116395854
2,1,2,2,0,2.771023104,3.295176971
2,2,1,2,0,2.421570087,0.371790452
2,2,1,1,0,3.694919073,0.578050625
2,2,1,2,0,2.57536948,0.592010122
2,2,2,2,1,1.852038291,0.590501365
2,1,2,2,0,2.511617285,1.800628135
2,1,1,2,1,2.860008015,0.677768515
2,1,2,2,0,6.620265483,0.381025871
2,2,1,1,0,5.146375975,1.326827268
2,2,2,1,1,1.842082084,0.792681271
2,2,1,2,0,1.911608048,0.426529296
2,2,1,2,0,1.645533656,0.600583069
2,2,1,2,0,2.481317125,0.399287236
2,1,1,2,1,3.290265348,0.977550599
2,1,1,2,1,2.615027756,0.597375678
2,2,1,1,0,4.304359672,0.965468417
2,2,1,2,0,2.731848619,0.726997178
2,1,1,1,1,3.760386697,0.606662882
2,2,1,2,0,3.19519316,0.828078267
2,2,1,2,0,6.122297453,0.857097804
2,1,2,1,0,1.829017391,1.934980711
2,2,1,1,0,6.971445593,1.296446864
2,2,2,1,1,4.105324642,0.482365883
2,1,2,2,0,5.088976047,0.737466567
2,2,2,2,1,3.780143756,0.849276436
2,2,2,2,1,2.381167229,0.740023149
2,2,2,2,1,8.20154216,1.221009038
2,1,1,2,1,2.710936899,0.321634794
2,1,1,1,1,3.819977448,0.770337305
2,1,2,2,0,2.801649835,0.702029917
2,1,1,2,1,3.681127994,0.917051981
2,2,1,2,0,2.350700517,1.025079695
2,2,1,2,0,1.716541318,0.327651159
2,1,1,2,1,4.838820576,0.867725347
2,2,1,2,0,3.11179354,0.539189648
2,1,1,2,1,3.979366798,0.911082269
2,1,1,2,1,2.718505407,0.804234875
2,1,1,2,1,1.451559538,0.543129956
2,1,1,2,1,1.55213351,0.391746719
2,1,2,2,0,3.310725467,0.43226481
2,1,2,2,0,5.01941416,1.090909812
2,2,2,1,1,3.597559957,0.708065876
2,1,1,2,1,2.640503535,1.805275703
2,1,1,2,1,2.212209824,3.874806332
3,1,1,2,1,1.203516047,0.101045166
3,1,1,2,1,1.267724507,0.360828407
3,2,2,2,1,7.693002104,7.097382443
3,2,1,2,0,2.014232883,1.169229391
3,1,1,2,1,1.135512368,0.216243905
3,1,1,2,1,1.260016972,0.308676003
3,2,1,2,0,1.159362758,0.282903978
3,1,1,2,1,0.954151343,0.155561009
3,1,1,1,1,6.376477207,1.101259303
3,1,2,1,0,4.213139618,2.084450244
3,2,1,2,0,0.703460296,0.187040556
3,2,1,2,0,0.72361204,0.18827266
3,2,1,2,0,1.126262021,0.379057582
3,1,1,2,1,1.124014281,0.147981303
3,1,1,2,1,0.684346115,0.156351776
3,2,1,1,0,3.942089222,1.871609672
3,2,1,2,0,1.391948727,0.569806582
3,1,1,1,1,3.741973243,0.821787116
3,1,1,2,1,2.06299735,0.718533399
3,1,1,2,1,1.574592242,1.029539251
3,2,2,1,1,2.122300718,0.306540231
3,2,2,1,1,1.5855081,0.125952245
3,1,1,2,1,2.682789305,0.763637008
3,1,1,2,1,1.142156216,0.081966441
3,2,2,1,1,4.042073033,2.035745027
3,1,1,2,1,1.532273814,0.15657711
3,2,1,2,0,1.193356433,0.220930661
3,2,1,2,0,1.174182535,0.291762908
3,2,1,2,0,1.506429477,0.076657801
3,2,2,2,1,3.033062015,0.347944727
3,1,1,2,1,0.772189428,0.181493986
3,2,1,2,0,1.593657904,0.291920595
3,1,1,2,1,1.192465361,1.250266505
3,1,1,2,1,0.948761994,0.203590691
3,2,1,2,0,0.983900532,0.190902487
3,2,1,2,0,2.044399616,0.872893094
3,2,1,2,0,1.531913186,0.37312146
3,2,1,2,0,1.33229826,0.138276556
3,2,1,2,0,7.361883697,1.618344781
3,1,1,2,1,0.772786119,0.124533529
3,1,1,2,1,0.922631675,0.135520299
3,1,1,1,1,4.220990843,0.263893366
3,1,1,2,1,2.169214929,1.115130626
3,2,1,2,0,1.026513807,0.276793841
4,2,1,2,0,1.229219491,0.193906938
4,1,1,2,1,2.107821508,0.171548043
4,1,1,2,1,1.543087968,0.334901028
4,1,1,2,1,1.477269981,1.761151805
4,1,1,2,1,0.577021927,0.066212671
4,1,2,2,0,5.862707821,0.491177227
4,2,2,1,1,2.91288214,1.83793417
4,1,1,2,1,1.929079113,0.3377184
4,2,1,2,0,0.930352738,0.207935481
4,1,2,1,0,5.252024855,2.21606849
4,1,1,2,1,1.263419372,0.35724546
4,1,1,2,1,0.808101006,0.186898731
4,2,1,2,0,0.662885756,0.197492684
4,2,1,2,0,0.60295957,0.214513547
4,2,1,2,0,0.9142668,0.125814619
4,2,1,2,0,2.259802369,0.283704077
4,2,2,2,1,2.404465714,0.41519636
4,1,1,2,1,0.68407646,0.136270479
4,1,1,2,1,18.44966496,6.720908501
4,2,1,2,0,0.782525856,0.348590871
4,2,2,2,1,2.397007306,1.235140218
4,2,2,1,1,12.09114168,3.060791131
4,2,2,1,1,2.583292084,1.881633059
4,2,2,2,1,4.842372265,1.665284651
4,1,2,2,0,3.063350046,3.037260781
4,2,2,2,1,2.996039164,0.24104135
4,2,1,2,0,9.33334142,0.659743679
4,1,1,1,1,1.399179934,3.131886967
4,1,2,1,0,3.34275412,0.818440233
4,2,1,2,0,3.26224745,0.403499998
4,1,1,2,1,1.068361973,0.514940375
4,2,1,2,0,1.483221498,0.272475644
4,2,1,2,0,2.105380159,0.722978026
4,2,2,2,1,6.202406173,4.301849276
4,1,1,2,1,4.142846679,1.744224248
4,1,1,2,1,2.250553421,0.37924606
4,2,1,2,0,1.092891163,0.252797428
4,1,1,2,1,3.307313737,1.335100703
4,1,1,2,1,0.612729632,0.19081338
4,1,1,2,1,5.80231324,0.241774734
4,1,1,2,1,0.85174811,0.226404452
4,2,2,1,1,2.043420371,0.577027992
4,2,1,2,0,1.042659928,0.713263015
4,1,1,2,1,1.3024497,0.353509025
5,2,2,2,1,2.568241375,1.44031571
5,2,2,2,1,4.504185003,0.990983384
5,1,1,2,1,2.03960136,0.421172603
5,1,1,2,1,1.225863278,0.338995291
5,1,1,2,1,3.1975496,1.785363289
5,1,1,2,1,4.574930942,3.732565675
5,2,1,2,0,1.850486614,1.334242288
5,2,2,2,1,1.899767995,2.014839372
5,1,1,2,1,1.894775196,0.347817831
5,1,2,1,0,1.086749302,0.781852188
5,2,1,2,0,1.743549179,0.309359935
5,1,1,2,1,1.324650908,0.239429024
5,1,1,2,1,3.706210021,0.983499783
5,2,1,2,0,3.021108595,1.185552793
5,2,1,2,0,6.197805725,0.968029197
5,1,2,2,0,1.919841361,0.89184679
5,2,1,2,0,2.647385312,0.23471241
5,1,2,1,0,1.475039037,1.319422978
5,2,1,2,0,1.730002561,1.483132391
5,2,1,2,0,1.779241022,0.224051744
5,1,1,2,1,1.472442333,0.105255595
5,2,1,2,0,3.420768589,2.593551069
5,1,1,2,1,2.997193825,2.18476016
5,1,1,2,1,4.441669112,0.2949633
5,1,2,2,0,4.198268989,1.355681653
5,1,2,2,0,3.147805888,1.889811788
5,1,1,2,1,1.396109237,0.18074474
5,1,1,2,1,1.810287629,0.321536823
5,2,2,1,1,4.051296322,1.544289748
5,2,2,2,1,3.456331669,2.170256223
5,1,1,2,1,1.682489794,3.913393457
5,1,1,2,1,2.440416014,0.63661921
5,2,1,2,0,3.394865003,0.678511696
5,2,1,2,0,1.14894702,0.184645393
5,2,1,2,0,1.732601597,0.536431525
5,1,1,2,1,1.721258865,2.968927733
5,1,1,2,1,2.619035711,1.025504703
5,2,2,2,1,3.57112826,1.602432392
5,1,1,2,1,0.932908854,0.191355021
5,2,1,2,0,1.553345553,0.769966415
5,2,1,1,0,2.384480522,1.873164148
5,2,2,1,1,3.604394148,2.226984815
5,2,1,2,0,7.37262274,1.697541903
5,2,1,2,0,3.496546515,2.011779871
6,2,1,2,0,0.833574451,0.290886299
6,2,1,2,0,0.573187055,0.275909301
6,2,1,2,0,1.300438025,0.816544724
6,1,1,2,1,0.882055734,0.262028648
6,1,1,2,1,0.675874405,0.021892365
6,1,2,1,0,1.267307896,0.263453895
6,1,1,2,1,0.743063989,0.310043868
6,1,1,2,1,0.733958265,0.218660995
6,2,1,2,0,0.81814352,0.107700677
6,2,2,1,1,1.760594769,0.301057109
6,1,1,2,1,1.121445103,1.034307649
6,1,1,2,1,0.768041514,0.150174459
6,2,1,2,0,0.873533639,0.148206637
6,2,1,2,0,0.65902849,0.207347187
6,2,1,2,0,0.850966673,1.090321052
6,1,1,2,1,1.403692208,0.945420243
6,1,1,2,1,0.978402015,0.22312475
6,1,2,1,0,1.433449795,1.722668717
6,2,1,2,0,1.11467436,0.015019452
6,1,1,2,1,1.814897408,1.547785454
6,1,1,1,1,4.281895808,0.887511331
6,1,2,1,0,1.247404346,1.616695133
6,2,2,1,1,1.394166141,0.546229112
6,1,1,2,1,0.631973975,0.040074421
6,2,1,1,0,4.481572316,3.260640256
6,2,1,2,0,0.750376839,0.117832299
6,1,1,2,1,0.867369851,0.217647693
6,2,1,2,0,1.780360226,0.728999523
6,2,1,1,0,13.64915066,12.44792667
6,2,2,1,1,0.929046456,0.061047723
6,2,1,2,0,0.657592045,0.034897809
6,1,1,2,1,0.548742773,0.255708572
6,2,1,1,0,4.293632758,1.034831562
6,1,2,1,0,2.907232467,0.194958495
6,2,1,2,0,1.956287582,1.35332288
6,2,1,2,0,0.799743595,0.016247358
6,1,1,2,1,0.702312167,0.31609289
6,1,1,2,1,0.761622534,0.467937058
6,2,1,2,0,0.709295181,0.000373224
6,2,1,2,0,0.734618871,0.039620488
6,1,1,2,1,1.071149487,0.016315938
6,2,2,1,1,2.385999075,8.950116329
6,1,1,2,1,0.930738558,0.535832501
6,1,1,2,1,0.73788691,0.11482365
7,1,2,1,0,1.931294195,0.967040621
7,2,2,2,1,6.070994132,1.953305525
7,2,2,2,1,0.812328696,0.246237556
7,1,2,2,0,1.382011181,0.157651061
7,1,2,2,0,6.137698992,1.114022152
7,2,1,2,0,2.652040344,0.55150696
7,2,1,2,0,2.861711781,0.827974697
7,2,1,2,0,4.095765451,1.097762198
7,2,1,1,0,5.549122994,3.260931837
7,1,2,1,0,2.875165093,0.749051429
7,1,2,2,0,4.75319701,0.729828079
7,2,2,2,1,5.291170882,1.300605975
7,1,1,2,1,5.532700222,2.327293797
7,2,1,2,0,2.506294183,0.89753985
7,2,2,2,1,6.54081457,0.846322837
7,1,2,1,0,1.663981634,0.611549312
7,2,1,1,0,4.146995993,1.94837804
7,1,2,1,0,2.021754272,2.018965359
7,2,2,2,1,3.181753843,0.712815147
7,1,1,2,1,9.329776201,0.986938573
7,1,1,1,1,2.821737197,1.469455145
7,2,2,1,1,4.350710315,1.804587105
7,2,1,1,0,2.761253509,0.649313012
7,1,1,2,1,2.089132801,0.551821868
7,1,2,1,0,1.681771338,0.37087792
7,2,2,2,1,2.585360676,0.135107421
7,2,2,2,1,3.511795033,1.044569433
7,1,1,2,1,2.39196039,0.994933489
7,2,2,2,1,0.871929244,0.227790978
7,1,2,2,0,2.383658963,0.61451504
7,1,1,2,1,1.913658445,0.576560063
7,2,1,2,0,2.393176632,0.615249824
7,2,1,2,0,2.491050331,2.420565182
7,2,1,2,0,2.321383801,0.922919057
7,2,2,1,1,7.225504983,0.508038537
7,1,1,2,1,2.016893968,1.213533835
7,1,1,1,1,3.955716083,1.267043374
7,2,1,2,0,6.335877941,0.78156014
7,1,1,1,1,2.031633502,0.581283208
7,1,1,2,1,2.931170565,0.522428174
7,1,2,2,0,3.962717758,6.00452347
7,1,2,1,0,2.810525093,0.998146012
7,1,1,2,1,2.560733515,5.93200192
7,2,1,2,0,1.716942067,0.672046063
8,1,1,2,1,1.332237144,1.080534662
8,2,1,2,0,0.781052089,0.194909976
8,2,1,2,0,1.366856902,0.495004635
8,1,1,2,1,0.912129628,0.324134459
8,2,1,2,0,1.30527267,0.849051102
8,1,2,2,0,1.865930607,2.28015472
8,2,1,2,0,0.874549274,0.233966429
8,1,1,2,1,1.766308823,0.227058527
8,1,1,2,1,1.286961386,0.08704788
8,1,2,2,0,1.214054482,1.120508778
8,1,1,2,1,1.861337624,1.71616063
8,2,1,2,0,0.790171342,0.378655434
8,1,1,2,1,0.672400159,0.094875313
8,2,1,2,0,1.875754786,0.372108158
8,2,1,2,0,0.957041027,0.240402204
8,1,1,2,1,1.672753322,1.622829063
8,2,1,2,0,0.736858679,0.256150376
8,1,2,2,0,1.131761937,0.867880701
8,1,1,2,1,1.046734596,0.215411617
8,1,1,2,1,1.203234729,0.389673462
8,1,1,2,1,1.063696211,0.560949052
8,2,2,2,1,2.303671541,0.943946476
8,1,1,2,1,2.352033392,5.205210482
8,2,1,2,0,0.758328369,0.531258645
8,1,1,2,1,1.066899869,0.234285069
8,2,2,1,1,3.126081007,0.743295854
8,1,1,2,1,2.696191766,0.303256796
8,1,1,2,1,1.282791078,0.269198274
8,2,2,1,1,1.641476249,1.3910166
8,2,1,2,0,0.991729364,0.429352732
8,1,1,2,1,0.477016189,0.070327928
8,2,1,2,0,1.33131015,0.443442857
8,2,1,2,0,0.851652937,0.196043176
8,1,2,2,0,2.531036577,0.888700048
8,1,1,2,1,1.383681357,0.44973774
8,2,1,2,0,1.374160422,0.819941992
8,2,1,2,0,1.991404193,0.611110774
8,1,1,2,1,0.831643486,0.270291352
8,1,1,2,1,1.068340979,0.346606254
8,2,1,2,0,1.101729098,0.638078514
8,2,1,2,0,1.561960021,0.32009478
8,2,2,2,1,1.343050366,0.603120056
8,2,1,2,0,0.782432084,0.287301486
8,2,1,2,0,1.153291809,0.614453925
9,2,2,2,1,6.32142159,0.708986339
9,2,1,2,0,4.764671771,1.000934459
9,1,1,2,1,1.351805726,0.920997888
9,2,1,2,0,3.801737543,0.595103213
9,2,1,2,0,1.711422556,1.43471409
9,1,1,2,1,1.572658477,0.628942466
9,1,1,2,1,1.123147003,0.573532753
9,1,1,2,1,2.041495003,1.38618662
9,1,1,2,1,1.781658578,1.222236944
9,2,2,1,1,1.721236471,0.944828217
9,1,1,2,1,1.471946879,0.541015644
9,2,1,2,0,2.711311055,4.140207988
9,1,1,2,1,4.990434745,1.072277555
9,1,1,2,1,1.962639382,0.912073178
9,1,2,2,0,3.198589028,1.6424359
9,1,1,2,1,1.396274388,0.437640163
9,1,1,2,1,5.970271805,0.392170795
9,2,2,1,1,2.0116805,0.853930068
9,2,1,2,0,4.511121364,2.847726625
9,1,1,2,1,2.891785208,1.373646306
9,2,2,2,1,2.901304743,1.087149584
9,1,2,2,0,6.301211997,1.661462374
9,1,1,1,1,2.761982695,0.334348191
9,2,1,1,0,7.062113743,1.383009088
9,2,2,2,1,5.786999408,0.865520995
9,1,1,2,1,5.35095291,2.168381241
9,1,1,2,1,2.574143907,0.784914954
9,2,1,1,0,3.027967979,0.798435447
9,2,1,2,0,2.82244119,1.266996721
9,2,2,2,1,9.420399564,1.431902316
9,2,1,2,0,1.589684472,0.34465896
9,2,1,2,0,4.118626332,1.658753704
9,2,1,1,0,1.862488086,1.266713071
9,1,1,2,1,2.004100328,0.749242239
9,2,1,2,0,1.611507324,0.856401742
9,1,1,2,1,1.048544265,0.569532729
9,1,1,2,1,2.066105836,3.180002958
9,2,2,2,1,3.701751399,1.094576268
9,2,1,2,0,1.242530979,0.219011825
9,1,1,2,1,1.560158751,0.589585568
9,2,1,2,0,5.830464099,0.628143768
9,1,1,1,1,0.135361679,3.255061962
9,2,1,2,0,1.831630889,0.385026828
9,1,2,1,0,7.58081108,1.361946678
10,2,1,1,0,4.863149625,0.601671015
10,1,2,1,0,1.513067726,0.669409705
10,1,1,1,1,2.342687873,0.678314821
10,2,1,2,0,4.290607314,0.663057439
10,1,1,2,1,1.401424875,0.740399172
10,1,1,2,1,5.561158057,0.737366263
10,1,2,1,0,2.417053614,0.391202279
10,2,2,2,1,5.50300655,1.007560578
10,2,1,1,0,3.451678037,0.517641115
10,1,2,1,0,1.796817989,0.287027633
10,1,1,2,1,1.493739407,0.369275391
10,1,1,2,1,1.802685997,0.631976774
10,2,1,2,0,2.766973628,1.303359433
10,2,1,2,0,2.023944162,0.592672594
10,2,1,2,0,3.410907554,5.499392345
10,1,2,1,0,1.38796643,0.490298752
10,2,2,2,1,2.551023636,0.422766268
10,2,2,1,1,3.991807741,1.637022758
10,1,2,1,0,2.951997376,2.091853601
10,1,1,2,1,1.531151344,1.464506666
10,1,2,1,0,1.607249309,0.750615236
10,2,1,1,0,2.09201642,0.296950716
10,2,1,2,0,2.183075521,0.365331817
10,1,1,2,1,2.421658261,0.712441456
10,2,2,2,1,3.331712765,0.802735449
10,2,2,2,1,3.272040372,0.829459661
10,1,2,1,0,2.931382836,0.254818434
10,2,1,2,0,1.695639395,0.241933821
10,1,2,2,0,6.353014504,0.851090769
10,1,1,2,1,4.462443206,0.502657586
10,2,1,2,0,1.75258539,0.135985429
10,1,2,1,0,3.078048992,0.67050185
10,1,1,2,1,1.612208985,1.498104724
10,1,1,2,1,1.731027993,0.257897062
10,1,1,2,1,1.309881515,0.273867768
10,2,1,2,0,2.626035987,0.454238351
10,2,1,2,0,1.592874135,0.895425538
10,1,1,2,1,3.301911791,0.768767434
10,2,1,2,0,1.81221253,0.617932836
10,2,1,2,0,1.581449759,0.9936496
10,2,2,1,1,2.201394737,1.013667449
10,2,2,1,1,3.211587008,1.12801104
10,2,1,2,0,2.054612414,0.91206618
10,1,1,1,1,4.231303479,1.064128684
11,2,1,1,0,4.531877264,0.494052448
11,1,1,2,1,7.351646639,0.877505205
11,2,1,1,0,2.38361371,0.342790043
11,2,1,2,0,3.083741119,0.810612801
11,2,1,2,0,1.671810466,0.453924376
11,2,1,2,0,2.072584065,0.822445389
11,1,1,2,1,2.926203891,0.947571877
11,2,2,2,1,2.2717166,0.736361825
11,2,1,2,0,2.001584334,0.528698331
11,2,2,1,1,4.683656584,1.678296626
11,1,1,2,1,1.787153829,0.291693395
11,2,1,2,0,0.77383581,0.276073053
11,2,1,2,0,1.152165607,0.440522849
11,2,1,2,0,1.251673092,0.687191945
11,2,2,2,1,5.130211193,5.707308232
11,2,1,1,0,1.822237317,0.977784796
11,2,2,1,1,3.593100401,1.244431154
11,1,2,1,0,1.931630096,0.385337536
11,1,2,1,0,4.240450724,1.44396817
11,1,1,2,1,2.47700126,1.064701582
11,2,2,2,1,2.42184254,2.438690321
11,2,2,1,1,2.702885998,0.549778935
11,2,1,1,0,1.873195872,0.300041008
11,2,2,1,1,8.216420254,1.007488266
11,1,2,1,0,2.042361815,0.996796342
11,1,1,2,1,5.43477054,3.192245626
11,1,2,2,0,3.123748826,0.964212519
11,1,1,2,1,2.35412811,0.874242764
11,1,2,1,0,2.24343418,1.010680261
11,1,1,2,1,2.823494148,0.361746537
11,1,1,2,1,1.625984669,0.429338736
11,1,1,2,1,0.983909863,0.265536017
11,1,1,2,1,1.1334769,0.459693481
11,1,1,2,1,3.986129144,1.053736272
11,2,1,2,0,2.314398921,0.273542597
11,1,1,2,1,2.881319551,1.584219079
11,2,1,2,0,0.937159871,0.334188171
11,1,1,2,1,1.401453799,0.77994035
11,1,1,2,1,1.646363612,0.531658928
11,1,1,2,1,3.250412062,1.442656289
11,2,2,1,1,1.619057172,0.420229747
11,1,1,1,1,2.332545054,0.923500819
11,2,1,2,0,2.211936438,0.422310469
11,1,1,2,1,1.00109961,0.249835432
12,2,2,1,1,3.323772899,0.029446411
12,2,1,1,0,1.727755288,1.81230537
12,2,2,1,1,1.022361694,0.03068598
12,1,1,2,1,2.013776617,0.382013513
12,1,2,1,0,1.603002957,0.154976447
12,2,2,1,1,2.132144025,0.099746348
12,1,1,2,1,0.654386054,0.114982736
12,1,2,1,0,1.541874058,2.435831428
12,1,1,2,1,0.803781875,0.082050416
12,2,2,1,1,0.930587403,0.000383954
12,1,1,2,1,2.480790413,2.031228554
12,2,1,2,0,2.06231575,0.635182299
12,1,2,1,0,1.378062008,0.000308843
12,2,1,2,0,1.97208054,0.300999726
12,2,2,1,1,1.585363475,0.671905638
12,2,2,1,1,1.191161411,-0.023879314
12,1,1,2,1,0.75207454,0.044889472
12,1,2,1,0,1.611893144,0.000374623
12,2,1,1,0,3.131183907,1.824189277
12,2,1,2,0,1.881654519,1.417528075
12,2,2,1,1,3.551018504,1.865058664
12,2,2,1,1,1.507049961,0.097013884
12,2,2,1,1,1.316905584,0.150623727
12,1,1,2,1,0.586287671,0.040641721
12,2,2,1,1,2.721413286,0.16638776
12,1,2,1,0,1.89371804,1.242137694
12,1,2,1,0,1.16217873,0.00984284
12,2,1,2,0,1.784608911,1.836981983
12,1,2,1,0,1.676791135,0.11654561
12,2,1,2,0,0.942468044,0.000378355
12,1,1,2,1,0.923557269,0.08268443
12,2,1,1,0,2.458773485,2.148999737
12,1,1,2,1,2.19665293,1.361994731
12,1,1,2,1,2.105346568,3.995386956
12,2,1,2,0,0.711610567,0.024010876
12,2,1,2,0,1.281291652,0.773473317
12,1,1,1,1,2.631095966,1.255162733
12,1,1,2,1,0.901966749,0.030523162
12,1,1,2,1,4.031292002,0.383202697
12,1,1,2,1,1.016199305,0.976146811
12,1,1,1,1,4.034250266,2.389424802
12,1,2,1,0,0.928840716,0.099413246
12,2,1,2,0,1.566308543,0.450258854
12,2,1,2,0,3.731877077,3.384686261
13,2,1,1,0,2.338798416,0.360022711
13,1,1,2,1,3.750908683,0.195265938
13,2,1,2,0,1.803403986,0.254012737
13,1,1,2,1,13.72696265,1.108268443
13,1,2,2,0,7.619412201,0.255430054
13,1,1,2,1,6.207790857,0.31137441
13,2,2,2,1,6.582164949,1.291166217
13,1,1,2,1,1.978531244,0.227480269
13,2,2,2,1,4.944333696,0.128457975
13,1,2,1,0,1.854924243,1.75288117
13,1,1,2,1,5.534779077,1.717860197
13,1,1,1,1,2.482061706,5.135266974
13,1,2,2,0,7.930181056,1.143086475
13,1,2,2,0,12.63932228,0.789811648
13,1,2,2,0,6.914895215,0.681226432
13,2,2,2,1,1.613033342,0.330306179
13,2,2,2,1,2.314660644,1.045983484
13,2,2,1,1,3.643337235,3.975935007
13,2,1,2,0,6.409365207,0.236935423
13,1,2,2,0,4.808691165,1.523011803
13,1,2,1,0,3.126073076,1.262479315
13,2,2,1,1,1.490392524,0.127636883
13,2,1,1,0,3.154404949,0.668650195
13,1,2,2,0,9.007910941,0.445036056
13,1,2,2,0,2.496209681,0.22773826
13,1,2,2,0,7.859308687,2.492886591
13,2,2,2,1,4.209997541,0.447447547
13,1,1,2,1,2.723304597,0.764921364
13,1,2,2,0,7.965874297,0.318576226
13,2,2,1,1,1.412477426,4.006999809
13,1,1,2,1,2.273215093,0.122200881
13,2,1,2,0,2.932791755,0.261287332
13,1,1,2,1,3.698203908,1.380334474
13,2,2,1,1,3.335833621,0.274115495
13,2,2,2,1,6.908598466,1.740911421
13,2,1,2,0,2.415241613,0.445647209
13,2,2,2,1,7.677622491,0.192403779
13,2,2,2,1,7.790847344,0.288255539
13,2,1,2,0,3.788542688,11.85179943
13,1,1,2,1,3.914314852,3.335241595
13,2,2,1,1,1.826686143,1.420427089
13,1,1,1,1,1.253275621,0.286165486
13,2,2,2,1,7.355527232,0.690511769
13,2,2,2,1,11.80618683,0.78575564
14,2,2,2,1,3.474516524,0.191206198
14,2,1,2,0,3.11421996,1.714447067
14,1,1,2,1,1.849461182,1.434300278
14,1,1,2,1,4.781735555,0.221385061
14,2,1,2,0,1.658537234,0.116803134
14,2,1,2,0,3.293882352,0.23437231
14,1,1,1,1,7.068832235,6.13323757
14,2,1,2,0,2.437368176,0.229635636
14,2,1,2,0,1.853136035,0.151036139
14,1,1,1,1,2.178799312,1.528517784
14,1,1,2,1,5.505948018,0.109977341
14,2,1,2,0,1.594806033,0.173650225
14,2,2,2,1,4.248091544,0.238425052
14,1,1,2,1,1.778491775,0.864077552
14,2,1,2,0,2.503437156,0.206762626
14,2,2,2,1,3.589158227,0.901035556
14,1,1,2,1,1.348902046,0.149801702
14,2,1,2,0,2.199269695,0.704903272
14,1,1,2,1,3.195656423,0.404055168
14,1,1,2,1,2.598197237,0.355791288
14,1,1,2,1,1.303965921,0.228953103
14,2,1,2,0,2.083214874,0.282338078
14,1,1,2,1,2.263053613,0.454668491
14,1,1,2,1,3.45383387,0.149003003
14,1,2,2,0,3.503809447,0.564421898
14,1,1,2,1,1.607704175,0.231218104
14,2,2,2,1,4.879764608,0.599832423
14,2,1,2,0,1.57365685,0.212578849
14,2,1,1,0,3.794513799,1.58669775
14,2,2,2,1,3.904242013,1.35077143
14,1,1,2,1,1.67319046,0.185523868
14,2,1,2,0,2.333199595,0.214191642
14,1,1,2,1,1.475469644,0.170555268
14,1,1,2,1,2.244229613,0.217556253
14,2,2,1,1,4.834219662,4.002157699
14,2,1,2,0,1.837962628,0.863251328
14,1,1,2,1,1.755167631,0.337676412
14,1,1,2,1,0.772680683,0.171441208
14,2,1,2,0,1.591196494,0.816169634
14,1,1,2,1,1.333493975,0.236289747
14,1,1,2,1,5.539632384,0.239733201
14,1,1,2,1,5.408898211,6.435361166
14,2,1,2,0,1.944085035,0.28275049
14,2,1,2,0,1.689421956,0.539412182
15,2,1,1,0,2.360722038,0.283269271
15,1,1,2,1,2.011626849,0.692045251
15,2,2,2,1,1.611611827,1.627973018
15,2,1,2,0,1.141732607,2.340771369
15,1,1,2,1,1.431023841,0.374173951
15,2,1,2,0,2.321967896,5.703147255
15,2,2,2,1,1.613086993,0.622497361
15,1,2,2,0,1.757191903,0.350176138
15,2,1,2,0,3.414188656,0.602474846
15,2,2,1,1,3.211064494,0.582925392
15,1,1,2,1,1.290178107,0.389552164
15,2,1,2,0,0.668652061,0.258371989
15,1,2,2,0,1.602632533,0.276981386
15,1,1,2,1,0.854486638,0.368710424
15,2,1,1,0,3.255336281,1.792498858
15,2,1,1,0,0.964462579,0.266877756
15,2,1,1,0,2.554530072,0.301548831
15,2,2,1,1,2.680206598,0.34371657
15,1,2,2,0,1.711318053,0.4116596
15,1,1,2,1,0.761516632,0.381409358
15,2,2,2,1,6.702467055,0.980948333
15,1,2,1,0,1.751288904,0.860818377
15,1,1,1,1,2.072531814,0.64000948
15,1,1,2,1,1.201522566,0.23049405
15,2,2,2,1,3.313225133,1.788768488
15,1,2,1,0,1.8161701,0.495173519
15,2,2,2,1,1.592075436,0.362114163
15,1,1,2,1,0.82179738,0.283235214
15,2,1,1,0,4.699231206,0.59806101
15,1,1,2,1,2.680448727,0.273976936
15,1,1,2,1,1.354153303,0.289472248
15,1,1,2,1,1.121564068,0.195875226
15,1,1,2,1,1.792347703,0.292932031
15,2,1,2,0,3.7980277,1.202649235
15,1,1,2,1,1.082244492,1.179634866
15,2,1,2,0,0.786168985,0.240761432
15,2,1,2,0,0.832241576,0.192525077
15,1,1,2,1,1.061996644,0.601189091
15,2,1,2,0,0.792294052,0.224883566
15,1,1,2,1,1.113104488,0.329082472
15,1,1,2,1,1.680264448,0.480394796
15,2,2,1,1,1.462022396,0.378057343
15,2,1,2,0,1.356678627,0.604333033
15,1,1,2,1,1.544855649,0.841808698
16,2,2,2,1,6.521635074,0.714510048
16,2,1,2,0,0.87138947,0.419087216
16,2,2,2,1,3.092540333,1.223017448
16,1,1,2,1,1.632022961,0.766697909
16,2,1,2,0,1.17221518,0.672562978
16,1,1,2,1,2.085758393,0.528622754
16,1,1,2,1,2.193012134,0.58604974
16,2,1,2,0,4.272413595,0.634721368
16,1,2,2,0,3.322293534,0.570353821
16,1,2,1,0,4.210865753,0.878044513
16,1,1,2,1,2.778346685,0.814770045
16,1,2,2,0,5.641012985,1.301499379
16,1,2,2,0,2.794357978,1.597994296
16,1,1,2,1,3.421128283,0.318189473
16,2,2,2,1,4.203863611,0.411141752
16,1,1,2,1,1.211366339,0.673684982
16,2,2,2,1,1.482516572,0.399700115
16,2,2,2,1,2.633096445,0.445590759
16,1,2,2,0,1.238391929,0.406673798
16,1,1,2,1,2.331742157,0.664848912
16,2,1,2,0,1.21300759,0.605607592
16,2,2,2,1,4.501809435,0.603811453
16,2,2,1,1,3.13462223,2.332699009
16,1,2,2,0,1.796772269,0.812670662
16,1,2,2,0,2.792471799,0.454993662
16,2,1,2,0,1.212297066,1.146629767
16,1,1,1,1,26.96066316,11.64898784
16,1,1,2,1,1.362343695,0.44165185
16,2,2,2,1,1.686854177,0.732549346
16,1,2,2,0,3.072508487,1.184170933
16,2,1,2,0,2.042395405,0.702429732
16,2,1,2,0,2.782711068,1.066200541
16,2,1,2,0,1.154804764,1.024552517
16,1,1,2,1,1.213431665,0.759447107
16,2,2,2,1,2.35252978,4.343778152
16,2,2,2,1,1.607701843,0.869875115
16,2,1,2,0,2.510812055,0.663473116
16,1,1,2,1,1.962281087,1.422094932
16,1,2,2,0,1.608785591,0.993905725
16,2,1,2,0,2.011962284,2.31783911
16,2,2,2,1,3.352640347,0.971057907
16,2,2,2,1,3.132327838,1.00856315
16,1,1,2,1,3.871363344,2.364782712
16,1,2,2,0,2.29691526,0.484337437
17,2,1,2,0,1.642445697,0.000313974
17,1,1,2,1,1.06234001,-0.023517754
17,1,1,2,1,1.572275456,0.021117926
17,1,1,2,1,0.927634271,0.000517381
17,2,1,2,0,0.954196596,0.03992933
17,1,1,2,1,0.999308137,0.000575231
17,2,2,2,1,1.415453418,0.000414278
17,2,2,2,1,1.425702605,0.000306043
17,1,1,2,1,0.782883218,-0.024118178
17,2,2,2,1,1.459358046,0.010947116
17,1,1,2,1,1.033358728,0.000326104
17,2,1,2,0,2.162637329,0.000266855
17,1,1,2,1,1.214153853,-0.024095318
17,1,1,2,1,1.382823875,0.000323771
17,1,1,2,1,0.873278448,0.000381155
17,1,2,2,0,3.312272479,0.089106209
17,2,1,2,0,1.592451459,0.022435872
17,2,2,2,1,2.152846273,-0.024139638
17,2,1,2,0,2.326928971,0.010077971
17,2,1,2,0,1.574817109,0.168362579
17,2,1,2,0,1.142082504,-0.024058462
17,2,2,2,1,1.17000523,0.00030791
17,1,1,2,1,1.651871926,0.000266388
17,1,1,2,1,0.853293255,0.011557336
17,1,2,2,0,2.588366526,0.004325195
17,2,1,2,0,2.257877934,1.182188649
17,2,1,2,0,0.702408272,0.000389552
17,1,1,2,1,1.350199931,0.007213013
17,2,2,2,1,3.087280679,0.053680755
17,1,2,2,0,4.263100733,0.12641131
17,2,1,2,0,1.102198427,0.027152486
17,2,1,2,0,1.653898064,-0.023599863
17,1,1,2,1,0.914325116,-0.024725132
17,2,1,2,0,0.963562643,0.00743788
17,1,1,2,1,3.121669971,3.603686423
17,2,1,2,0,0.92444834,0.0144013
17,2,2,2,1,1.981958836,0.000279918
17,1,1,2,1,1.132442138,0.409826138
17,1,1,2,1,0.79261689,-0.023515421
17,1,2,2,0,3.215454537,0.000239796
17,2,1,2,0,0.901615452,0.00038582
17,1,1,2,1,0.66751093,-0.023625056
17,2,1,2,0,0.672840097,-0.024095318
17,1,1,2,1,1.692461862,0.010065841
18,1,2,2,0,5.623244274,1.045945228
18,2,1,2,0,1.883316764,0.121701228
18,1,2,2,0,3.222826171,0.369094844
18,2,1,2,0,2.504288106,0.814181752
18,2,1,2,0,3.723669889,0.665463332
18,2,1,2,0,2.366376843,1.127752116
18,2,1,2,0,2.243947829,0.950705556
18,1,1,2,1,2.224551863,0.207521203
18,2,1,2,0,1.863724856,0.443056104
18,1,2,1,0,4.594026929,0.473477096
18,1,1,2,1,3.725937689,0.113600409
18,1,1,2,1,2.217317856,0.234480545
18,2,1,2,0,3.103122156,0.337995052
18,2,1,2,0,2.883588284,0.757664964
18,2,1,2,0,3.913451306,0.27987107
18,2,1,2,0,2.993948179,0.492644929
18,1,1,2,1,1.972889035,0.451699497
18,2,2,1,1,3.333065234,1.668837273
18,2,2,1,1,3.677800705,2.285576726
18,1,1,2,1,3.307061344,0.590615198
18,2,1,2,0,3.934021993,0.309748555
18,1,1,2,1,12.87086556,3.722619731
18,2,2,1,1,2.713176707,0.232168425
18,2,1,2,0,2.612841599,0.093136091
18,1,2,2,0,3.87407528,1.11709145
18,2,1,2,0,2.253694564,0.7613986
18,1,1,1,1,3.738361838,1.12211224
18,1,1,2,1,1.823277211,0.992923213
18,2,2,2,1,3.202466355,0.353311683
18,2,2,1,1,3.973096175,0.575095627
18,2,1,2,0,2.884554,1.158185237
18,1,1,2,1,2.272817143,0.128147267
18,1,1,2,1,2.54346679,0.18555186
18,2,1,2,0,1.697205535,1.402255297
18,1,1,1,1,2.585857997,1.075449023
18,1,1,2,1,2.742627784,0.105906404
18,1,1,2,1,1.894465887,5.812939383
18,2,1,2,0,2.402934098,0.665598625
18,2,1,2,0,1.532420304,0.200436019
18,1,1,2,1,4.750052601,0.70993386
18,1,1,2,1,2.652519003,0.364447277
18,1,2,1,0,2.237989314,0.441718098
18,1,1,2,1,2.177757551,0.346335201
18,1,1,2,1,3.82347362,0.66087408
19,2,1,2,0,1.234222554,2.770536047
19,1,1,2,1,2.362968378,1.361426498
19,1,1,2,1,1.422969209,0.657028944
19,1,1,2,1,3.103705784,0.653459526
19,1,1,2,1,1.667766121,1.019295195
19,2,1,2,0,2.432729473,2.024241808
19,2,1,2,0,1.06824674,0.486315989
19,1,1,2,1,2.293861358,0.406818422
19,2,2,1,1,0.983427938,1.949397874
19,1,2,1,0,0.763539504,2.957681572
19,2,1,2,0,1.185995063,0.435178287
19,2,1,2,0,1.292947426,0.55992362
19,2,2,2,1,3.147420068,1.623956665
19,1,1,2,1,1.337765986,0.505228163
19,1,2,2,0,4.888742502,2.311008184
19,2,1,2,0,1.273422699,0.840192173
19,2,1,2,0,1.697871272,0.534290621
19,2,1,1,0,2.218221058,1.059669128
19,1,1,2,1,1.784179237,0.667955999
19,2,1,2,0,1.23010823,0.555177148
19,1,1,2,1,1.302407712,0.47679832
19,1,2,1,0,3.510785463,1.207357451
19,2,2,1,1,4.064085297,1.529525955
19,2,1,2,0,1.451843655,1.833103723
19,2,2,1,1,4.733578044,0.880467201
19,1,1,2,1,1.526905458,0.565870005
19,2,2,2,1,6.113582214,2.136531269
19,1,2,2,0,4.028463434,0.450608751
19,2,2,1,1,1.103656332,1.355268308
19,1,2,1,0,2.947855527,2.041642893
19,2,1,2,0,2.943862967,0.783027842
19,1,1,2,1,2.54415912,0.494222731
19,1,1,2,1,2.394557093,1.024955132
19,2,1,2,0,1.743334109,0.592403406
19,1,1,2,1,1.817968572,0.422571259
19,2,1,2,0,2.042822746,0.663579952
19,1,1,2,1,1.544751146,0.337706737
19,2,2,2,1,4.18340769,0.588506018
19,2,1,2,0,1.053317795,6.318934521
19,1,1,2,1,1.179420729,0.340772302
19,2,1,2,0,1.504345023,0.611140166
19,1,2,1,0,1.223666857,0.902577436
19,1,1,2,1,1.914024671,0.925858659
19,1,1,2,1,2.372564424,1.435445141
20,1,1,2,1,1.198646411,0.211978892
20,1,1,2,1,2.682756182,0.133101344
20,2,1,2,0,0.942834736,0.216778082
20,1,1,2,1,1.567279391,0.872983134
20,1,1,2,1,0.942322953,0.131835183
20,2,1,2,0,1.573245371,0.36876874
20,1,1,2,1,0.802956118,0.137749378
20,1,1,2,1,3.115277116,0.423828556
20,1,2,2,0,2.523311315,1.422463491
20,1,2,1,0,1.946740521,0.392408725
20,1,1,2,1,3.885798701,0.224614378
20,1,1,2,1,1.614045711,0.322100391
20,1,1,2,1,3.708348593,0.320126971
20,1,1,2,1,9.026518472,0.17971231
20,2,1,2,0,1.342775114,0.840460894
20,2,1,2,0,0.897691472,0.131741877
20,2,1,2,0,1.705631058,0.242796434
20,1,1,1,1,2.312753471,0.704257595
20,2,1,2,0,1.510686092,0.576510144
20,2,1,2,0,3.193759048,4.124133713
20,1,1,1,1,1.098517043,0.291441936
20,2,1,1,0,2.177675908,0.181945587
20,1,1,2,1,2.344868898,0.152415667
20,2,2,2,1,2.353589735,0.423205739
20,2,2,2,1,1.633918937,0.256113986
20,2,2,1,1,4.800125683,1.320928468
20,1,2,2,0,1.912812161,0.512037162
20,1,2,2,0,4.913145729,1.192040353
20,2,1,1,0,1.146997859,1.855486877
20,1,1,2,1,3.523319712,0.350427131
20,1,1,2,1,1.238648053,0.306512239
20,2,1,2,0,6.703541939,0.97717271
20,1,1,2,1,0.889957345,0.228480042
20,2,1,2,0,1.992953538,0.714972846
20,2,1,2,0,1.333302231,0.860615436
20,2,1,2,0,0.853274594,0.140765024
20,2,2,2,1,4.393256875,0.548700319
20,2,1,2,0,1.442352578,0.284041377
20,1,1,2,1,1.242588828,0.392109679
20,1,2,2,0,1.472808093,0.244893484
20,2,1,2,0,5.263889634,0.321649257
20,2,2,1,1,1.510312402,2.234970868
20,2,1,2,0,1.102132646,0.226351268
20,2,1,2,0,3.858249665,0.296950716
21,2,2,1,1,3.353495962,0.3509851
21,1,1,2,1,0.662127179,0.081280176
21,2,2,1,1,1.442699676,1.166508124
21,2,1,2,0,0.697795228,0.035749225
21,2,1,2,0,3.213880933,5.190069732
21,1,1,2,1,1.192489154,0.219764337
21,2,1,2,0,0.883481915,0.02069805
21,1,1,2,1,1.688721695,0.131375184
21,1,1,2,1,0.697141154,0.10286743
21,1,2,1,0,1.633121171,0.348333813
21,1,1,2,1,0.802961716,0.035186124
21,1,1,1,1,2.092779196,6.184137343
21,1,1,2,1,1.377227854,0.199413852
21,2,1,2,0,1.542251481,0.172130738
21,1,2,2,0,4.674411835,0.678624596
21,1,1,2,1,1.943457553,0.482609878
21,2,1,2,0,1.832758958,0.140636262
21,1,2,1,0,1.658592284,0.95344595
21,1,1,2,1,1.073233474,0.058202826
21,2,1,2,0,0.766961498,0.039580366
21,2,1,2,0,0.942962565,0.000409146
21,1,2,2,0,1.583731089,0.225565166
21,1,2,2,0,1.704709662,0.345887799
21,2,1,2,0,0.784957875,0.000387686
21,1,2,2,0,3.103312033,0.359623828
21,1,2,1,0,3.125209064,1.174963039
21,1,2,1,0,2.425079788,0.636084567
21,1,1,2,1,4.554576725,0.276455141
21,2,1,2,0,1.70334693,0.202400108
21,2,2,1,1,1.402646715,1.609907595
21,2,1,2,0,0.707852205,0.223002052
21,2,1,2,0,0.887870092,0.031455754
21,2,2,2,1,2.563411861,0.208001728
21,1,1,2,1,0.89757204,0.055879508
21,2,1,2,0,3.751170406,1.055161986
21,1,1,2,1,0.805270104,0.045676508
21,2,1,2,0,0.713470621,0.075323993
21,1,1,2,1,1.478336934,0.129273469
21,2,1,2,0,0.892722932,0.081356687
21,1,1,2,1,2.093212135,0.245515835
21,2,1,2,0,1.082824855,0.116693033
21,2,2,1,1,1.583157257,0.625782662
21,2,1,2,0,1.499223928,5.686679229
21,2,1,2,0,1.013211183,0.18022316
22,1,1,1,1,7.120484986,1.649688568
22,1,1,2,1,1.285580458,0.424958957
22,2,1,1,0,7.455911326,1.015453324
22,1,1,2,1,1.480385932,0.648648674
22,1,1,2,1,1.582482189,0.641735639
22,2,1,2,0,1.640588443,0.794644427
22,1,1,1,1,6.612159533,1.260561879
22,1,2,1,0,12.09917018,1.182296417
22,2,1,2,0,2.23217309,0.413956791
22,2,1,1,0,6.571494952,0.350285773
22,2,1,2,0,1.535509662,0.199656448
22,1,1,2,1,1.281619623,1.517346268
22,2,2,2,1,8.425755323,1.300623237
22,2,1,2,0,2.342451342,0.22493675
22,2,1,2,0,3.499689525,0.39447825
22,2,2,1,1,5.727828067,0.533856282
22,1,2,1,0,7.279807155,5.422701421
22,1,2,2,0,3.069668722,0.387458846
22,2,2,1,1,10.92703805,2.450790698
22,1,1,2,1,1.185944678,0.5196192
22,1,2,2,0,5.9178964,0.661153998
22,2,2,1,1,8.064932981,1.919786311
22,2,2,1,1,5.25196094,1.220860682
22,1,1,2,1,1.520044675,1.858823963
22,2,2,2,1,5.780711056,1.311119685
22,1,1,2,1,2.120537237,0.351897632
22,2,1,2,0,2.971846809,0.892311453
22,2,1,2,0,6.410848305,1.170000565
22,2,2,2,1,5.011711291,1.540481934
22,1,1,2,1,3.251442626,1.402887445
22,1,2,2,0,2.444658167,1.231771874
22,2,1,2,0,3.142571427,1.672209349
22,1,1,2,1,9.15011521,0.461028222
22,1,1,2,1,4.47082161,2.715046557
22,2,1,2,0,1.875944664,0.268885232
22,1,1,2,1,1.521477854,0.287628523
22,2,1,2,0,2.921635167,0.701865232
22,1,1,2,1,2.417479555,0.991293159
22,1,1,2,1,1.110205474,0.449068271
22,1,2,2,0,4.296076906,0.769248892
22,1,1,2,1,4.504218593,0.727401659
22,2,2,1,1,5.93754849,2.57113759
22,2,1,2,0,1.769503617,1.47310154
22,2,1,2,0,1.870204951,0.378871904
23,2,1,1,0,15.33211118,1.125532369
23,1,1,2,1,3.050079147,0.642992936
23,1,1,2,1,1.959191262,0.551052094
23,1,1,2,1,6.363231967,0.482250651
23,1,1,2,1,5.259052189,1.319533545
23,2,1,2,0,5.218426797,0.904373108
23,2,1,2,0,1.754401123,1.039412415
23,1,2,2,0,5.679288001,3.454997394
23,2,1,2,0,21.40037472,0.436955298
23,1,2,1,0,7.500969215,4.539811531
23,1,1,2,1,1.230554232,0.365298693
23,1,1,2,1,1.640717672,0.413844824
23,1,2,2,0,4.760786513,1.099948822
23,1,1,2,1,1.866145678,0.286610556
23,2,1,2,0,2.659885504,0.641572354
23,1,2,1,0,8.461846048,0.821766122
23,2,1,2,0,2.397086616,0.713623176
23,1,1,2,1,5.547709877,1.402044426
23,1,1,1,1,10.57432772,0.989392984
23,2,1,2,0,12.65295101,2.260943967
23,2,1,2,0,2.061004335,0.432833509
23,2,1,1,0,6.777910946,0.99107389
23,1,1,1,1,5.468104075,1.927997697
23,1,1,2,1,8.055877642,1.111571472
23,1,1,1,1,6.103308767,1.110555837
23,2,1,2,0,5.71824695,1.06317883
23,1,1,2,1,2.795659596,1.645731465
23,2,1,2,0,2.585481041,0.556584201
23,2,2,1,1,2.366633434,1.62287525
23,2,1,1,0,5.798325812,0.801927887
23,2,1,2,0,2.37509628,0.733208086
23,2,1,2,0,1.369179286,0.797650277
23,2,1,2,0,2.500843719,1.563803279
23,1,1,1,1,4.172451711,1.02917909
23,2,1,2,0,1.800809615,0.531983632
23,2,1,2,0,2.864834263,1.24785828
23,2,1,2,0,9.199881315,1.236866844
23,1,1,2,1,1.310678348,0.439260887
23,2,1,2,0,1.856075638,0.577042921
23,2,1,2,0,1.343943304,0.471086599
23,1,2,1,0,9.204653912,4.291022059
23,1,2,1,0,5.955333529,1.729115222
23,2,1,2,0,2.599845485,0.753502587
23,1,1,2,1,2.171278856,0.551600266
24,1,1,2,1,4.983414408,1.834893797
24,2,1,2,0,1.855833975,0.889911159
24,2,2,1,1,1.864396192,0.821980726
24,1,1,2,1,2.105024197,0.624560354
24,2,1,1,0,2.479284922,0.360311492
24,1,1,2,1,1.386393759,4.153055279
24,2,1,2,0,2.084519757,0.680738908
24,2,1,2,0,2.715580734,0.777024073
24,1,1,2,1,2.969344811,0.482901459
24,1,2,1,0,1.275497355,0.810119212
24,1,1,1,1,2.977226827,0.633438878
24,2,1,2,0,1.607027241,0.99202701
24,2,2,1,1,1.803409118,0.491140371
24,2,1,2,0,2.894281141,1.776904175
24,2,2,2,1,2.811529998,1.033982945
24,2,1,2,0,1.723601776,0.333900322
24,1,1,2,1,1.678524292,2.448997358
24,2,1,1,0,3.053135382,0.287810003
24,1,1,2,1,1.211504898,0.432527932
24,1,1,2,1,1.298508458,0.975850099
24,2,1,2,0,1.081829281,0.833709278
24,1,1,2,1,6.41634029,0.766215517
24,2,1,2,0,2.478981211,0.45004425
24,2,2,2,1,1.485027901,0.363056086
24,1,2,1,0,1.431197857,2.145276365
24,2,1,2,0,1.619235853,0.311277838
24,2,2,2,1,2.042759765,1.138228037
24,1,1,1,1,3.394060706,0.351721284
24,2,2,2,1,1.866487177,1.263155317
24,1,1,2,1,2.788859461,0.398083123
24,1,1,2,1,1.722811475,1.665916798
24,2,1,2,0,1.64480587,0.424117804
24,2,1,1,0,6.00026079,2.629285365
24,1,1,1,1,1.083930064,1.182103274
24,1,1,2,1,1.040917906,0.350507374
24,1,1,2,1,1.20692871,0.529401391
24,2,1,2,0,1.898463578,0.330720923
24,1,1,2,1,1.192285748,0.623732731
24,2,1,2,0,1.6203238,0.344247947
24,1,1,2,1,3.41327799,1.173438421
24,1,1,2,1,2.595362137,0.984705762
24,1,2,1,0,2.86965258,1.383451357
24,1,1,2,1,1.041848633,0.327105786
24,2,2,2,1,6.089399656,1.187783271
25,1,1,1,1,5.216095549,0.733286929
25,1,1,2,1,3.523412085,0.477793427
25,2,2,2,1,4.391265727,0.416658463
25,2,1,2,0,4.861186002,0.403853161
25,2,1,2,0,3.959658724,2.34535129
25,2,1,2,0,2.397836329,0.398545921
25,2,2,1,1,4.668638531,0.567586834
25,2,2,1,1,10.99149703,1.746935717
25,2,1,1,0,4.779997733,0.481453351
25,1,2,1,0,5.060085739,1.363746549
25,1,1,2,1,6.515608912,0.281964388
25,1,1,2,1,4.627644114,0.446633919
25,1,1,2,1,2.110316508,0.384051314
25,1,1,2,1,7.589001006,0.279739509
25,2,1,2,0,5.351703556,1.38708189
25,1,2,2,0,5.291287048,0.391703799
25,1,2,1,0,7.104510081,0.260129872
25,1,1,2,1,2.374474863,0.370402526
25,1,1,1,1,6.037802422,0.337828501
25,1,1,2,1,5.416062705,0.528159023
25,1,1,2,1,3.273139982,1.686876571
25,1,2,2,0,3.172057493,4.596882556
25,2,1,1,0,5.272957102,0.545884346
25,2,2,1,1,8.68674361,1.112369704
25,1,1,1,1,5.508708007,2.445331835
25,1,1,2,1,4.757435898,0.395693559
25,2,1,1,0,3.321626863,0.291983576
25,2,1,2,0,4.438509774,2.150577074
25,2,2,2,1,4.194304421,1.322638766
25,2,2,2,1,6.020018782,2.9672277
25,2,1,1,0,5.800993894,0.854323353
25,2,1,2,0,4.027348428,0.617446712
25,1,1,2,1,4.988594752,0.5113397
25,2,2,2,1,6.471385644,0.413356834
25,2,1,2,0,5.88819573,0.397387528
25,1,1,2,1,4.050087078,0.420672484
25,1,1,1,1,6.828723944,0.364610562
25,1,2,1,0,9.056353036,0.778983497
25,2,1,2,0,3.747000565,0.53052666
25,2,1,2,0,1.977119525,0.337223412
25,2,2,1,1,6.969145136,0.945106268
25,1,2,1,0,3.158180106,2.577612087
25,1,1,2,1,3.619592281,0.689459745
25,2,1,2,0,6.187099339,0.416235788
26,1,1,2,1,3.229276408,0.442298927
26,1,2,2,0,5.790932252,0.356025486
26,1,2,1,0,3.20717877,1.005709855
26,2,1,2,0,2.555072179,0.372105359
26,2,2,1,1,6.64545248,0.557101116
26,2,2,2,1,2.820793875,1.057779217
26,2,2,2,1,2.351487086,0.453403729
26,1,2,2,0,4.259517786,0.499469789
26,2,2,1,1,1.898529359,0.803734755
26,1,2,1,0,2.20340128,0.83908883
26,2,1,2,0,1.76588848,0.242037857
26,1,1,2,1,2.938956476,5.088332236
26,1,2,2,0,3.481778989,1.034248866
26,2,1,2,0,3.177547613,0.284694519
26,2,2,2,1,1.921289936,0.366241083
26,2,1,2,0,4.728605305,0.3236558
26,1,1,2,1,5.178852496,2.329305473
26,2,2,1,1,1.407967018,0.672933402
26,2,2,2,1,5.491524791,0.418474196
26,1,1,2,1,2.293761054,0.999416372
26,1,2,1,0,3.218690386,0.722957499
26,2,2,1,1,4.69182505,2.449508208
26,1,1,1,1,4.830848519,1.600242502
26,1,1,2,1,3.670544305,0.335842485
26,1,2,2,0,4.148565398,0.622380262
26,2,2,2,1,6.583528615,1.166967189
26,1,1,2,1,8.029463673,1.760421687
26,1,1,2,1,4.307459294,0.898136075
26,1,2,2,0,4.11402915,1.120671131
26,2,2,1,1,4.474944798,0.965655028
26,2,1,2,0,2.547861499,1.282604933
26,2,1,2,0,1.777442084,0.210839627
26,1,1,2,1,5.939765438,0.343850931
26,2,1,2,0,3.356364653,0.484228269
26,2,1,2,0,3.407402051,0.815104547
26,1,1,2,1,2.482857605,0.346672035
26,2,1,1,0,5.66938218,0.568175128
26,1,1,2,1,3.369727458,0.512130468
26,2,1,2,0,1.287191851,0.335600356
26,1,1,1,1,9.5358353,0.853750921
26,2,2,1,1,8.047004717,1.355681187
26,1,2,1,0,3.175305472,2.687708393
26,1,1,2,1,2.610963817,0.956276852
26,2,2,2,1,6.884482621,1.148249091
27,2,1,2,0,2.279537035,0.955127789
27,1,1,1,1,2.158691888,0.520054939
27,2,1,1,0,2.39915101,0.306543963
27,2,1,1,0,3.805072762,0.275723156
27,1,1,2,1,2.417186575,2.823301004
27,2,2,1,1,7.146103055,0.660135098
27,1,1,2,1,1.343291562,0.246050011
27,2,2,2,1,4.01877968,0.701423428
27,2,1,1,0,4.003826942,2.423469795
27,1,2,1,0,1.814715461,0.254495595
27,1,1,2,1,1.082675565,0.299086489
27,2,1,2,0,2.143552072,0.275495489
27,1,2,1,0,4.649180051,0.265746888
27,1,1,2,1,2.096334151,0.238815537
27,1,2,1,0,3.278846105,0.993340757
27,1,2,2,0,2.368913364,1.129741865
27,1,1,1,1,1.425632626,1.881615331
27,2,2,2,1,2.966073505,0.695702843
27,1,1,1,1,2.403404359,0.784488079
27,2,1,1,0,2.287344407,0.159401946
27,1,1,2,1,4.469085653,0.647955878
27,1,2,1,0,2.710359335,0.333542961
27,2,2,1,1,1.799772987,0.08585963
27,2,1,1,0,2.09546314,0.500992542
27,2,1,2,0,5.030701376,0.319836323
27,1,2,2,0,2.461065078,0.786810464
27,1,1,1,1,2.253369393,0.192817125
27,2,1,2,0,1.8898855,0.097384309
27,1,1,1,1,1.88940824,0.124951539
27,2,1,1,0,3.833692483,0.374976382
27,2,1,2,0,2.89936398,0.231921164
27,1,2,2,0,2.585844934,0.374860683
27,2,1,2,0,1.430785911,0.140544356
27,2,1,1,0,5.521420937,0.673732101
27,1,1,2,1,1.571006962,0.644866519
27,1,1,2,1,2.930646652,1.313003998
27,2,1,2,0,1.673340216,0.84777841
27,2,1,2,0,1.557917076,0.414685977
27,2,1,2,0,1.972244292,0.653220663
27,1,1,2,1,1.755851563,0.591546391
27,1,1,2,1,3.311228386,2.576834382
27,2,2,1,1,1.692726385,0.158516007
27,1,1,2,1,2.359908878,0.472074242
27,2,1,1,0,2.890276918,0.221380396
28,1,1,1,1,5.345289241,1.13227372
28,1,2,2,0,2.976332024,0.399653928
28,1,2,1,0,3.071030988,5.571749677
28,2,1,2,0,1.384588757,0.205370501
28,2,1,2,0,1.32375797,0.211132141
28,1,1,2,1,2.668850336,1.688695569
28,1,2,2,0,3.910583083,0.633424415
28,1,1,2,1,3.959856533,0.377796553
28,2,2,1,1,2.706333652,1.017867148
28,1,2,1,0,2.861144481,0.781138397
28,2,2,2,1,2.708806725,1.299550219
28,2,2,2,1,6.826914276,2.588840987
28,1,1,2,1,2.138161323,0.468641984
28,1,2,2,0,7.271503863,2.940534279
28,2,2,1,1,2.394702184,0.57783089
28,2,2,1,1,1.334008557,0.682157624
28,1,1,2,1,3.664462159,1.711643224
28,2,2,1,1,2.727160463,2.032618812
28,1,2,2,0,5.002497333,0.848404492
28,2,1,2,0,1.406346295,0.494901532
28,1,1,2,1,4.116602527,0.96214626
28,1,1,2,1,7.398739064,7.552689146
28,1,1,2,1,4.43151463,1.006473564
28,1,2,2,0,1.665333636,0.454493543
28,2,2,1,1,3.628176425,1.272262906
28,1,1,2,1,4.030382736,0.713170642
28,2,2,2,1,2.765656148,0.837186789
28,2,2,2,1,2.84081359,0.84137156
28,2,2,1,1,1.887839301,0.510952481
28,1,2,2,0,2.578323078,0.650640288
28,2,1,2,0,4.010611214,2.494008128
28,2,2,2,1,3.561072215,1.488776932
28,1,2,2,0,2.576792395,1.181861145
28,2,1,2,0,2.180231557,0.556414851
28,2,1,1,0,3.742144459,2.155769081
28,2,1,2,0,3.603087866,0.357419476
28,2,1,2,0,1.692921394,0.634007577
28,1,2,1,0,2.2334985,0.470691915
28,2,2,2,1,8.718905223,1.940809531
28,2,2,2,1,2.969620063,1.245365612
28,1,2,1,0,2.572388356,1.715964221
28,1,2,1,0,1.654739683,0.867777131
28,1,1,2,1,3.77629722,2.847112672
28,2,1,2,0,2.094013166,0.501342905
29,2,2,2,1,1.386292056,0.297279153
29,2,1,2,0,1.91937903,0.641061504
29,1,2,1,0,1.324685897,0.873937187
29,1,1,2,1,4.736510648,0.249771051
29,1,1,2,1,1.243589534,0.520144512
29,2,2,2,1,1.664990737,1.140035839
29,2,1,2,0,1.113186131,0.427850041
29,2,2,2,1,1.936041599,0.743216544
29,2,2,2,1,1.484323908,0.602078762
29,1,2,1,0,4.351203436,0.556015502
29,2,1,2,0,1.5675873,0.502685577
29,2,1,2,0,2.977959745,0.258613185
29,1,2,2,0,4.418034726,4.141549727
29,1,1,2,1,1.614982036,0.376571913
29,1,1,2,1,1.813440436,0.721521521
29,2,1,1,0,2.777407094,0.160987214
29,1,2,2,0,2.61584185,0.373099534
29,2,2,1,1,2.351080272,0.381542319
29,2,2,1,1,2.260158797,0.60700718
29,1,1,2,1,4.004902292,0.389795693
29,2,1,1,0,7.553295635,2.451296416
29,1,2,2,0,4.227239073,0.896080079
29,1,1,1,1,2.798795141,0.58836326
29,1,2,2,0,2.94889962,0.707035312
29,2,2,1,1,3.883724044,0.330203542
29,2,1,2,0,3.224856041,0.897850092
29,1,1,2,1,2.723707678,0.537846509
29,2,1,2,0,1.405587251,0.286876011
29,1,1,1,1,3.626614484,1.158834647
29,1,1,2,1,4.550904204,1.136076403
29,2,1,2,0,1.057720434,0.433537969
29,1,2,2,0,1.883724511,1.758046118
29,2,1,2,0,1.264005333,0.523569306
29,1,1,2,1,2.931493403,0.405194433
29,1,1,2,1,1.098285644,0.157840939
29,2,1,2,0,2.106441513,0.348018439
29,1,1,2,1,1.145692509,0.813343864
29,2,1,2,0,2.448467847,0.435987715
29,2,1,2,0,1.313556835,0.515264147
29,1,1,2,1,1.339303667,0.180330928
29,1,2,1,0,2.570082767,0.473629651
29,2,2,1,1,3.222439418,0.985392027
29,2,2,2,1,2.209112068,0.770671341
29,1,1,2,1,5.23648289,0.225876341
30,2,2,2,1,3.818988405,0.253395985
30,1,1,2,1,2.017547109,0.513723666
30,1,1,2,1,1.303626287,0.223028644
30,1,1,1,1,4.413564906,0.501892477
30,2,1,2,0,1.70720233,0.624997492
30,2,1,2,0,1.678630661,1.091558288
30,1,1,2,1,1.836351235,0.338689715
30,1,1,2,1,4.906953016,1.003157938
30,1,1,1,1,2.688989016,0.624223987
30,2,2,1,1,5.441693372,1.714177413
30,1,1,2,1,1.303422881,0.34488476
30,2,1,1,0,3.570365484,0.898004047
30,1,1,2,1,1.866713444,1.119462353
30,2,1,2,0,1.484852486,0.749153132
30,2,2,1,1,6.469579242,0.692257522
30,2,1,2,0,1.257717448,0.234383507
30,1,1,2,1,2.099969349,0.730578725
30,1,1,2,1,1.807278047,0.76039976
30,1,1,2,1,37.14547184,2.407255094
30,1,1,2,1,4.076773967,0.581975071
30,2,2,1,1,4.288409027,0.360924979
30,1,1,1,1,9.430105711,0.868174615
30,2,1,2,0,2.017768711,1.547286268
30,1,2,1,0,6.181500051,1.388519734
30,2,1,1,0,7.37931604,0.830021829
30,2,1,2,0,1.852710093,0.633660479
30,2,1,2,0,2.380208511,0.611899209
30,2,1,2,0,2.854057431,1.37394022
30,2,2,1,1,3.915483975,0.274467258
30,1,1,2,1,2.012864552,0.522121664
30,1,1,2,1,0.862477822,0.271668081
30,1,1,2,1,2.098864607,0.64730087
30,1,1,2,1,5.518183222,0.640646293
30,1,1,2,1,1.43899823,1.14258449
30,1,1,2,1,1.057995687,0.274851212
30,1,1,2,1,1.303752717,0.275446504
30,2,1,2,0,1.405571855,0.553668392
30,2,1,2,0,4.209275354,1.179432859
30,2,1,2,0,2.364166426,0.273501542
30,2,1,2,0,1.532090001,1.432334323
30,2,1,2,0,6.330842221,0.875644686
30,2,2,1,1,4.623624029,0.386125038
30,2,1,2,0,2.837741493,0.719428669
30,1,2,1,0,7.639944166,0.952216645
31,1,1,2,1,1.630382176,0.269673201
31,2,1,2,0,1.470455851,0.420065529
31,1,1,2,1,1.117125973,0.087911893
31,1,1,2,1,0.860499737,0.232329844
31,1,1,2,1,0.791189776,0.333012516
31,1,2,2,0,3.447695274,0.256820312
31,2,2,2,1,3.414654719,0.457919269
31,2,1,2,0,3.396547308,0.511513716
31,2,1,2,0,1.511631748,0.303099109
31,1,2,1,0,4.492575416,4.610852317
31,2,1,2,0,2.528696465,0.528917134
31,1,1,2,1,1.11656707,0.130084764
31,1,1,2,1,3.46421042,8.679744734
31,2,1,2,0,0.930135336,0.307479355
31,1,1,2,1,0.914148301,0.151033806
31,2,1,2,0,1.694629825,0.186373885
31,2,1,2,0,2.218678723,0.704193681
31,1,1,2,1,7.745152641,0.468577136
31,2,1,2,0,3.309357603,0.258079475
31,1,1,2,1,1.225578695,0.344113587
31,2,2,2,1,2.517120934,0.24400148
31,2,1,2,0,6.612067626,0.784921019
31,2,1,2,0,4.594399686,1.468637785
31,2,2,2,1,3.835962616,1.249898413
31,2,1,2,0,2.965201562,0.215124234
31,2,1,2,0,1.423743181,0.200461678
31,2,2,2,1,2.375660781,0.142664266
31,1,1,2,1,0.892389364,0.115945186
31,1,2,1,0,2.482743306,0.710576271
31,2,2,1,1,1.773176138,0.515752136
31,2,1,2,0,1.91411751,0.284478982
31,2,1,2,0,3.911673829,0.172659783
31,1,1,2,1,3.390739482,0.411790228
31,1,2,1,0,2.418344968,0.929324507
31,1,1,2,1,2.010190405,0.154932593
31,1,1,2,1,2.538199205,0.318816956
31,2,1,2,0,3.1674981,0.206464513
31,1,1,2,1,1.010070507,0.236519279
31,1,1,2,1,0.73091416,0.102830575
31,2,1,2,0,1.160390989,0.210353503
31,1,1,2,1,1.055437238,0.100773179
31,1,2,1,0,1.64131483,0.481275137
31,1,1,2,1,1.885906469,3.3455435
31,2,2,2,1,4.026766666,0.383859571
32,2,1,1,0,3.514017113,0.946274925
32,2,1,2,0,2.669044879,6.495781407
32,2,1,2,0,1.909529192,0.342156029
32,2,1,2,0,1.058136112,0.359680745
32,2,1,2,0,1.945082475,0.453121946
32,1,1,1,1,3.381300656,0.29149372
32,2,1,2,0,1.371356579,0.318223997
32,2,1,2,0,1.161628225,0.48356673
32,2,1,1,0,1.845291341,0.186105164
32,1,2,1,0,1.258043086,0.612982957
32,1,1,1,1,1.133456839,1.698289749
32,2,1,2,0,1.422533937,0.346061814
32,2,1,2,0,1.581328928,0.375297354
32,2,1,2,0,1.74027974,0.763004861
32,2,2,2,1,4.108169539,1.385740618
32,1,1,1,1,1.971603747,0.422347791
32,2,1,2,0,2.31005973,0.75939159
32,1,2,1,0,2.190061801,0.27982535
32,1,2,2,0,2.374331638,2.691811054
32,1,1,2,1,1.68106268,0.464183361
32,2,1,1,0,1.768411472,0.719667066
32,2,2,1,1,3.63056179,2.08122046
32,1,1,1,1,1.240457722,1.235627274
32,2,1,2,0,1.491944668,0.316943373
32,2,2,2,1,2.499819686,0.53168412
32,1,2,2,0,2.059123755,0.737839325
32,1,1,2,1,1.720979413,0.363312677
32,1,1,2,1,1.290788328,0.314670908
32,1,2,1,0,2.099570933,1.319378191
32,2,1,1,0,3.512101076,1.20272108
32,1,1,2,1,0.810692577,0.342469537
32,1,2,1,0,1.452298987,0.352716391
32,1,2,1,0,2.039992778,0.65033891
32,1,2,1,0,2.020552492,0.368705758
32,1,1,2,1,1.43141246,0.451966818
32,1,1,2,1,4.113180533,0.80122576
32,1,1,2,1,1.490559541,0.825998478
32,2,1,2,0,2.629033906,0.344304397
32,1,1,2,1,1.205413422,0.278188298
32,2,1,2,0,1.147638871,0.405284007
32,2,1,2,0,2.610873777,0.421242116
32,1,2,1,0,2.219762938,0.529913641
32,1,1,2,1,1.515331327,0.537369249
32,2,1,1,0,2.062990352,0.39821935
33,2,1,2,0,1.500727553,0.15470586
33,2,1,2,0,1.085488272,0.08446284
33,1,1,2,1,1.763105631,0.114563326
33,2,1,2,0,0.521527306,0.130064703
33,2,1,2,0,0.982975871,0.319709427
33,2,2,1,1,2.180607114,1.53985212
33,2,1,2,0,0.685254914,0.666113207
33,1,1,2,1,0.582530242,0.000373224
33,2,1,2,0,1.176507718,0.165590461
33,1,2,2,0,1.300066201,0.287602864
33,2,1,2,0,1.144831762,0.151736866
33,2,1,2,0,0.652623505,0.069530163
33,2,2,2,1,2.179749632,1.710747954
33,1,1,2,1,1.940774542,0.000266855
33,2,2,1,1,2.08313743,2.099796267
33,1,1,2,1,0.614233723,0.159549836
33,1,1,2,1,1.401721587,0.037986701
33,1,1,2,1,1.986317155,0.572072982
33,1,2,2,0,1.506631018,0.600213111
33,2,1,2,0,0.766266835,0.122509257
33,1,2,1,0,2.000528578,1.037163743
33,1,2,1,0,1.421998361,0.544550539
33,1,2,1,0,1.586742537,1.528254662
33,1,2,1,0,1.309670178,0.517241766
33,2,2,1,1,6.460465587,1.531742437
33,2,1,2,0,1.36112372,0.425606034
33,1,1,2,1,1.002132973,0.000334968
33,2,1,2,0,1.32177242,1.2142215
33,2,1,2,0,1.443009918,0.002238875
33,2,1,2,0,0.668091759,0.008176863
33,2,1,2,0,1.132073113,0.731142759
33,1,1,2,1,1.200281131,0.026210563
33,2,1,2,0,0.660936595,0.050995877
33,1,1,2,1,0.731643812,0.023528018
33,1,1,2,1,0.718126585,0.253781338
33,2,1,2,0,0.577653608,0.060660037
33,1,1,2,1,1.302489821,0.36771345
33,2,2,1,1,3.804479337,1.501884546
33,1,1,2,1,0.660979516,1.183078787
33,1,1,2,1,0.751724177,0.254723728
33,1,1,2,1,1.367519374,0.103151547
33,1,1,2,1,2.010954114,0.43423683
33,1,1,2,1,3.061875346,7.163030147
33,2,2,1,1,1.970440689,0.927018452
34,1,2,1,0,3.149883811,1.746717848
34,2,2,2,1,1.092407372,0.389662265
34,1,1,2,1,1.001870783,0.288693144
34,2,1,2,0,2.165518149,0.187227634
34,1,1,1,1,0.507062557,0.169973972
34,1,1,2,1,0.761657523,0.166077518
34,2,1,1,0,2.041023808,0.767762995
34,2,2,2,1,5.892440682,2.820112742
34,2,2,1,1,2.020671457,0.183581239
34,1,1,2,1,0.801648902,0.084265032
34,1,1,2,1,1.685650998,0.70488601
34,1,2,2,0,1.172476437,0.293101381
34,2,1,2,0,0.821033204,0.369949993
34,2,2,2,1,2.198052053,0.678205186
34,2,1,2,0,1.028729355,0.473532613
34,1,1,2,1,0.813940089,0.073685542
34,2,1,2,0,0.624287434,0.099758478
34,2,2,2,1,0.731989977,0.843665952
34,1,2,2,0,1.156240742,0.398280932
34,1,1,2,1,2.450887736,1.187477694
34,1,2,1,0,2.844894791,2.434571332
34,1,2,2,0,0.792454071,0.258830588
34,1,2,1,0,0.891878514,0.858298184
34,2,2,2,1,1.951201943,1.260823135
34,1,2,2,0,1.690806149,0.947416989
34,2,1,1,0,0.504606746,0.277079357
34,2,2,2,1,2.463845127,0.142507512
34,1,1,2,1,0.552878091,0.092748405
34,1,1,2,1,0.7917888,0.163881097
34,2,1,1,0,1.156078857,0.299844599
34,1,2,2,0,0.896089409,0.289150809
34,1,1,2,1,0.141897758,1.220410014
34,1,1,2,1,0.81690675,0.221255832
34,1,1,2,1,2.491043333,0.549743945
34,2,1,1,0,0.760877019,0.349232815
34,2,1,1,0,1.047347616,0.773497577
34,2,1,1,0,1.187372725,0.285025755
34,1,1,1,1,2.350593216,6.509402203
34,2,1,2,0,0.53195844,0.41077366
34,2,1,2,0,2.325500458,2.053269276
34,1,2,1,0,0.482426065,0.211854329
34,2,1,1,0,1.351771203,1.289545959
34,2,2,2,1,1.821747461,0.404948106
34,2,1,2,0,0.573422186,0.198066048
35,1,1,1,1,2.665934526,0.92886031
35,2,1,1,0,2.098374285,0.64433001
35,2,1,2,0,1.995946325,0.86511558
35,1,1,2,1,2.582265719,2.028902438
35,1,1,2,1,3.021644171,0.28133504
35,2,1,2,0,2.681649107,0.643650743
35,1,1,2,1,0.832362408,0.810858662
35,1,1,2,1,2.068238809,0.577912999
35,1,2,1,0,11.98097446,1.302237896
35,2,2,1,1,2.762772062,1.763945851
35,2,1,2,0,1.582163549,0.427918154
35,1,1,2,1,2.510382382,0.661806206
35,2,1,2,0,3.310589707,1.798394859
35,2,1,2,0,4.824802763,1.120134622
35,1,1,2,1,1.086251981,0.238948965
35,2,2,2,1,3.860510001,1.187591527
35,1,1,2,1,1.281372828,0.644413052
35,1,1,1,1,1.19697157,1.590830269
35,2,1,1,0,4.90220981,0.622843992
35,2,1,2,0,0.674050274,0.12709151
35,1,1,1,1,1.752659568,1.439013626
35,1,2,1,0,1.938724144,1.037218793
35,1,1,1,1,3.299149937,0.635499072
35,1,1,2,1,0.972947352,0.220829424
35,2,2,2,1,4.912029791,0.411927387
35,2,1,2,0,3.515868769,1.125702652
35,2,2,1,1,3.343917645,1.732587135
35,1,1,2,1,2.565614347,0.900806956
35,2,2,2,1,1.426618869,0.868994774
35,2,1,2,0,1.801838313,0.690321891
35,1,1,2,1,1.182059887,0.537926752
35,2,1,2,0,3.585669519,4.5457024
35,2,1,2,0,1.826228011,0.536210856
35,1,1,2,1,1.392015907,0.83955536
35,1,1,1,1,1.632273954,0.909870692
35,1,1,2,1,1.426614204,0.55936565
35,2,1,2,0,4.272369741,1.109205701
35,1,1,2,1,0.92660324,1.399300299
35,1,1,2,1,1.441748422,0.671025296
35,2,1,2,0,2.592749105,0.92765993
35,2,1,2,0,1.981029043,1.24904793
35,1,2,2,0,1.653689992,1.856329896
35,2,1,1,0,2.213191403,0.418460667
35,2,1,1,0,7.648008129,1.947614798
36,2,1,2,0,4.221101411,0.463744357
36,2,1,2,0,2.734635666,0.224197767
36,2,1,1,0,3.456119864,0.222497734
36,2,1,2,0,2.433438598,0.230267317
36,1,1,2,1,1.626969513,0.206996823
36,2,1,2,0,7.34435245,0.144316247
36,2,1,2,0,6.342566108,0.20246169
36,1,1,2,1,2.794069197,0.266010477
36,1,2,1,0,3.876071094,1.120428069
36,1,2,1,0,2.327388036,0.472320103
36,2,1,2,0,1.416949578,0.076506646
36,1,2,2,0,2.341481894,0.330552973
36,1,1,2,1,2.830547141,0.298758985
36,2,1,2,0,3.111571006,0.136019019
36,2,2,2,1,2.786150324,1.371051002
36,2,2,1,1,1.694849561,0.902671208
36,1,1,2,1,3.404183464,5.959580814
36,1,2,1,0,2.452100713,2.002287861
36,1,1,1,1,7.289834741,0.627368396
36,1,1,2,1,2.59096183,2.6618272
36,1,1,2,1,2.08300167,0.102930879
36,1,1,1,1,1.826716467,0.258603854
36,2,1,2,0,3.061277255,0.079579209
36,2,1,2,0,2.137939722,0.12776098
36,1,2,2,0,2.03116324,0.221657981
36,1,1,2,1,3.460597615,0.307119194
36,2,2,2,1,2.950929957,0.382908784
36,2,1,2,0,2.630723676,0.139098581
36,2,2,1,1,2.681365924,0.343465577
36,1,1,2,1,4.359698939,0.165391719
36,2,1,2,0,1.320540782,0.092996132
36,2,1,2,0,1.473726689,0.817279041
36,2,1,1,0,6.317234021,1.030069228
36,1,2,2,0,2.796002495,0.204855453
36,2,1,2,0,8.330600092,0.79291127
36,1,1,2,1,1.402261362,0.354437419
36,2,2,2,1,2.996456708,1.477074039
36,1,1,2,1,0.974418786,3.405618508
36,2,1,2,0,4.284918453,0.191872869
36,1,2,2,0,2.855671156,2.139259533
36,1,1,1,1,3.300494941,0.741049048
36,1,1,2,1,3.113105421,0.112805909
36,2,1,2,0,1.941762185,0.359457743
36,1,1,2,1,6.170208637,0.235195268
37,2,2,2,1,3.778697981,0.223936044
37,2,1,2,0,3.679388772,0.240684921
37,1,1,2,1,1.45133887,0.027959582
37,2,1,2,0,2.12927067,0.140124013
37,2,2,1,1,1.439627112,1.230760905
37,1,2,2,0,2.338194727,1.91785068
37,1,2,2,0,4.259383425,0.554902362
37,2,1,2,0,4.384788431,0.335732384
37,1,1,2,1,3.938829113,0.110631415
37,1,2,1,0,2.220953521,0.23796972
37,1,1,2,1,0.852027094,0.394933116
37,1,2,1,0,4.855547526,0.254805838
37,2,1,2,0,2.330230601,0.085152371
37,2,1,2,0,2.80559061,0.550601427
37,1,1,1,1,3.68130061,4.200812508
37,1,1,2,1,4.5046492,0.210235938
37,2,1,2,0,3.481108586,0.229700017
37,2,2,1,1,5.020678455,0.752180442
37,1,2,2,0,4.220969849,0.004146048
37,1,1,2,1,3.933982805,0.892493866
37,1,2,2,0,3.046636159,0.261372707
37,2,2,1,1,2.551631057,0.557394563
37,1,2,1,0,1.878114493,0.044254526
37,2,1,2,0,2.423125962,0.108905256
37,2,2,1,1,2.862208168,0.084556146
37,1,1,2,1,5.488245089,0.263573327
37,1,2,1,0,6.138247631,-0.018839862
37,2,1,2,0,1.282787346,0.07102539
37,2,2,1,1,2.362602619,0.00037509
37,2,2,2,1,3.608823846,0.017020397
37,2,1,2,0,0.758956784,0.095415554
37,1,1,2,1,0.994337731,0.12394057
37,2,1,2,0,1.516085239,0.268203166
37,1,1,2,1,4.345773965,0.11452787
37,2,1,2,0,2.550147493,0.645545786
37,2,1,2,0,1.618890621,0.0959418
37,2,2,1,1,10.71391802,1.051085918
37,1,1,2,1,0.840588723,0.031141313
37,1,1,2,1,2.028141995,0.104065478
37,1,1,2,1,0.857954818,0.00247354
37,1,1,2,1,1.810264303,-0.021266283
37,1,1,2,1,2.753086443,0.020516569
37,2,1,2,0,1.794554854,0.091355348
37,2,1,1,0,5.112446681,0.54610968
38,1,2,1,0,3.412006697,1.317433229
38,1,1,2,1,0.733125977,0.062138935
38,2,1,1,0,2.149962188,1.36653313
38,2,1,2,0,0.679873029,0.155742489
38,2,1,2,0,0.571113331,0.15250524
38,1,1,2,1,2.458589205,0.736136025
38,2,1,2,0,0.740993997,0.186784431
38,1,1,2,1,1.234473547,0.294198659
38,2,1,2,0,1.406625279,0.560769904
38,1,2,1,0,1.1095486,0.740040411
38,1,1,2,1,1.739480109,0.316836538
38,1,1,2,1,2.198945923,1.730832984
38,1,1,2,1,0.670897934,0.160700765
38,2,1,2,0,0.811059736,0.123332682
38,2,1,2,0,1.409818207,0.148675033
38,1,1,2,1,1.69955871,0.724036115
38,2,1,2,0,3.622584602,1.18327333
38,1,2,1,0,2.515741406,0.538099368
38,1,2,2,0,2.040044096,1.512834461
38,2,1,2,0,0.740474283,0.079781683
38,1,1,2,1,1.624953172,0.140403464
38,1,2,1,0,0.899575318,0.445966782
38,1,2,2,0,3.618286932,2.086097093
38,2,1,2,0,2.850886429,0.343654055
38,1,2,2,0,2.638537579,0.714957917
38,1,1,2,1,2.498655695,0.037411937
38,1,2,2,0,2.170313139,0.802690662
38,2,1,2,0,0.900400142,0.437454484
38,2,1,2,0,1.476101791,0.105525249
38,1,1,2,1,2.128651118,0.528230869
38,2,1,2,0,0.601647689,0.10189425
38,1,1,2,1,1.36518626,0.259789306
38,2,1,2,0,1.314994213,0.287714364
38,2,1,2,0,0.811583182,0.077493822
38,2,1,2,0,1.332701341,0.115579427
38,2,1,2,0,0.643451535,0.110277319
38,2,1,2,0,1.200138839,0.098628543
38,1,1,2,1,1.037732442,0.583627053
38,1,1,2,1,1.649477697,1.6866643
38,2,1,2,0,0.735332195,0.461693026
38,2,2,1,1,2.056025999,0.946970054
38,2,1,1,0,2.473265758,0.478249693
38,2,1,2,0,0.679967268,0.114588519
38,1,1,2,1,2.802161618,5.054780365
39,1,2,1,0,0.982744472,1.127540312
39,1,1,2,1,1.790314567,0.217067797
39,1,1,2,1,2.278852169,0.879830855
39,1,1,2,1,2.445202607,0.267312095
39,2,1,2,0,1.20641786,0.24401081
39,1,1,2,1,3.888621671,1.383080466
39,2,1,2,0,1.144550912,0.075573586
39,1,2,2,0,4.103338625,0.515994732
39,2,1,2,0,2.898909114,0.325937596
39,2,2,1,1,1.645754325,0.82974611
39,2,2,1,1,10.70218994,0.830919898
39,1,1,2,1,1.422513409,1.135617804
39,2,2,1,1,5.714471326,0.958481204
39,1,1,2,1,4.262504041,0.881919508
39,1,2,1,0,3.221644918,1.731463265
39,2,2,1,1,3.454409101,1.150898046
39,2,2,2,1,2.080264541,1.236638711
39,2,2,1,1,1.041242144,0.23299978
39,2,1,2,0,4.460210396,1.713003624
39,2,1,2,0,4.95651105,0.304582673
39,2,1,2,0,3.449570723,0.211092953
39,1,2,1,0,9.399232186,1.290494881
39,1,2,2,0,5.86225902,1.999433167
39,2,2,2,1,3.271840697,1.079550751
39,2,2,2,1,5.06155484,1.364225675
39,1,1,2,1,2.389772366,0.830001302
39,2,2,2,1,3.011084742,0.350977636
39,2,1,2,0,0.991190056,0.137183011
39,1,2,1,0,2.370444047,0.537338458
39,1,1,2,1,1.924667609,0.185828979
39,2,1,2,0,1.960251217,0.356245221
39,1,1,2,1,2.673772689,0.292897041
39,1,1,2,1,4.02806735,2.201828609
39,1,1,2,1,2.30048841,0.751900525
39,2,2,2,1,3.516020391,1.053795054
39,2,1,2,0,1.560018792,0.183901279
39,1,1,2,1,3.760417954,1.082320536
39,2,2,2,1,2.591671888,1.185815916
39,1,2,1,0,7.465796154,0.909395298
39,1,1,2,1,1.688999747,0.194174726
39,2,2,1,1,3.918674104,0.831067322
39,2,2,2,1,0.830901237,1.177840127
39,1,1,2,1,0.790696655,0.009759331
39,1,1,2,1,4.618788451,4.076411007
40,1,1,2,1,1.727733828,1.19334337
40,2,1,2,0,2.021286343,0.557710404
40,2,1,2,0,1.211138206,0.397672577
40,1,1,2,1,1.260992019,0.908089016
40,2,1,2,0,1.543477987,0.928357391
40,2,1,2,0,2.281558041,0.766394664
40,2,2,2,1,3.252611749,0.388378843
40,2,2,2,1,1.71985741,0.690848603
40,2,1,1,0,2.008190859,0.40873166
40,2,1,1,0,3.892595103,0.83260547
40,2,1,2,0,0.953064796,0.421558423
40,1,1,2,1,0.761587078,0.386400291
40,2,2,2,1,2.221201248,0.514000318
40,2,1,2,0,0.966163546,0.46094378
40,1,1,2,1,1.855241949,0.412998073
40,1,2,1,0,3.44009924,0.361077534
40,1,1,1,1,2.690662458,0.427297203
40,1,2,2,0,4.120042249,0.889663432
40,2,2,2,1,1.564283805,0.397666046
40,2,1,2,0,4.399099225,3.084481501
40,1,1,2,1,2.107311591,0.757947214
40,1,1,1,1,4.274228862,0.381825502
40,1,1,1,1,2.680864405,0.753171818
40,1,1,2,1,3.764664306,0.87165819
40,1,2,2,0,1.668608207,1.377567487
40,2,2,1,1,5.955823852,1.563241578
40,1,1,2,1,1.772404498,0.64268736
40,2,1,2,0,1.319503221,0.735138585
40,2,1,1,0,2.515072403,0.986239245
40,2,2,2,1,2.522476227,1.861463587
40,1,1,2,1,1.426812012,0.51086524
40,1,1,2,1,0.937438389,0.493399773
40,1,1,2,1,1.251751002,0.581194567
40,1,2,2,0,4.172472238,0.468078883
40,1,1,1,1,6.414476505,1.025906852
40,1,1,2,1,1.820505559,1.038784467
40,2,1,2,0,1.681339332,1.161262
40,1,1,2,1,0.883385343,0.649922299
40,1,1,2,1,1.391965988,1.045942429
40,2,1,2,0,1.543541435,0.83398873
40,2,1,2,0,1.660421547,0.727989486
40,2,2,1,1,3.056534516,1.18419146
40,2,1,2,0,1.1564978,0.545168224
40,1,1,2,1,4.011360461,0.517988213
41,1,1,2,1,0.722175595,0.000369491
41,2,1,2,0,0.626498318,-0.020313629
41,2,1,2,0,1.491186091,0.449771331
41,2,1,2,0,1.441517023,0.207004288
41,1,2,2,0,1.351352726,0.030567482
41,2,1,2,0,0.788677981,0.078638685
41,2,1,2,0,3.051389628,0.049384951
41,1,1,2,1,0.632760544,-0.020556691
41,2,1,2,0,0.622161926,0.000418944
41,2,2,1,1,1.823942016,0.094761946
41,1,2,2,0,6.032006726,1.230636808
41,1,1,2,1,1.752969344,0.276126704
41,2,1,2,0,0.647044279,-0.017028328
41,2,1,2,0,0.712734903,0.013762621
41,2,1,2,0,0.637797663,0.008461913
41,1,1,1,1,0.65549966,6.635522865
41,2,1,2,0,0.702177807,0.055597258
41,2,1,2,0,0.842352204,0.042497575
41,1,1,1,1,1.858407352,0.220498655
41,2,1,2,0,0.987695283,0.097151977
41,1,1,2,1,0.561694566,-0.020141946
41,2,2,1,1,1.234118052,-0.018728362
41,1,1,1,1,3.101846664,0.748705731
41,1,1,2,1,0.771513893,0.019089455
41,1,1,2,1,3.897824899,0.40004628
41,1,1,2,1,1.94951404,0.024447548
41,1,1,2,1,1.103822883,-0.022400882
41,2,2,2,1,2.861775695,3.166148897
41,1,2,1,0,2.671217507,1.810992555
41,2,2,1,1,1.355361614,0.009226555
41,1,1,2,1,0.638851087,0.01003505
41,2,1,2,0,1.871268172,0.038532541
41,1,1,2,1,0.894684689,-0.017955789
41,1,2,2,0,3.527902432,0.290877435
41,1,1,2,1,0.621848418,0.000376489
41,2,1,2,0,0.651852332,0.000376023
41,2,1,2,0,1.442646958,0.750500469
41,2,1,2,0,1.141330458,0.062650252
41,2,1,2,0,0.572960321,0.000444136
41,2,1,2,0,0.716362171,0.061398553
41,1,1,2,1,1.977163846,0.117550981
41,1,2,1,0,2.460796357,0.78272693
41,1,1,2,1,1.327154772,0.236123196
41,1,1,2,1,4.146610173,0.657320991
42,2,1,2,0,4.887285064,0.014719007
42,2,1,2,0,3.161137903,0.665712925
42,1,1,2,1,2.146709077,1.560100901
42,2,1,2,0,3.021408107,0.125927985
42,1,1,2,1,1.814184084,0.129044869
42,1,1,2,1,3.766872857,0.087399177
42,2,1,2,0,0.963354571,0.149255862
42,2,1,2,0,2.174614542,0.174707381
42,2,1,2,0,1.05740646,0.126025024
42,2,1,1,0,2.528335371,0.259875614
42,1,2,2,0,3.53181055,0.739089624
42,2,1,2,0,1.132104837,0.113794952
42,1,1,2,1,4.531407002,0.297953755
42,1,2,1,0,5.550453537,0.308094241
42,1,1,2,1,1.222965196,0.025844803
42,1,1,2,1,3.613564253,0.132436073
42,1,1,1,1,5.423238396,2.044083776
42,1,1,2,1,2.730918825,0.047576682
42,2,1,2,0,2.313469128,0.075999061
42,1,1,2,1,0.978239196,0.119954541
42,2,1,2,0,1.651748296,0.098394812
42,2,2,2,1,2.24658652,0.525288933
42,2,1,1,0,2.171918934,0.276561043
42,1,2,2,0,4.385973883,0.372099294
42,1,1,2,1,4.920553285,0.204222839
42,1,1,2,1,1.53119613,0.028755948
42,2,2,2,1,3.424216242,0.72840843
42,2,2,2,1,2.324509549,0.505092403
42,1,1,1,1,4.780703592,0.243673043
42,2,1,2,0,3.30382223,1.796364055
42,2,1,2,0,1.241398711,0.07853185
42,1,1,2,1,4.401341366,0.697045049
42,2,1,2,0,1.971920054,0.399003586
42,1,1,2,1,1.255792547,0.11865479
42,2,1,2,0,0.932892059,0.372373614
42,2,1,2,0,0.954342154,0.112724266
42,1,1,2,1,3.266279665,0.215559507
42,2,1,2,0,2.191080235,0.741365355
42,1,1,2,1,2.173682416,3.085284399
42,1,1,2,1,1.087764003,0.132062383
42,1,1,1,1,5.027530375,1.046332915
42,1,2,2,0,4.606471138,0.766757158
42,2,1,2,0,2.701199028,0.018350006
42,2,1,2,0,1.548046711,-0.015780828
43,2,2,2,1,0.972380985,0.303763447
43,1,2,2,0,0.418993911,0.249362371
43,2,2,2,1,1.222912945,1.164827685
43,2,1,2,0,0.754182321,0.238953164
43,1,2,2,0,1.013266701,4.168397102
43,1,2,2,0,1.212522866,0.375001575
43,1,1,2,1,0.479033463,0.206234048
43,1,2,2,0,-0.100233871,1.121726421
43,2,1,1,0,0.849135544,1.231845586
43,2,2,2,1,1.247648808,0.785074041
43,1,2,2,0,0.876269368,0.373548335
43,2,2,2,1,0.521660267,0.250189994
43,2,2,2,1,0.363053753,0.363009899
43,2,1,2,0,0.842082551,0.225805895
43,1,1,2,1,0.65881202,0.208309171
43,2,1,2,0,0.738894614,0.167104816
43,2,2,2,1,1.059295904,0.258209637
43,1,2,2,0,0.972899299,0.282646921
43,2,1,2,0,6.08393053,1.781053489
43,1,2,2,0,0.564105124,0.285005227
43,1,1,2,1,0.722358475,0.282940834
43,1,1,2,1,0.672324115,0.250606138
43,2,2,2,1,1.004713348,0.25976458
43,2,1,1,0,0.874945358,0.412068746
43,1,2,2,0,2.152620473,1.3060779
43,1,2,2,0,6.787236405,1.173104386
43,1,2,2,0,1.675234326,0.642450829
43,2,2,2,1,0.479773845,0.214186977
43,2,2,2,1,0.391710796,0.315512993
43,2,2,2,1,1.088902335,0.337238808
43,1,1,2,1,0.599459199,0.229201297
43,2,2,2,1,0.91375455,2.552545455
43,2,2,2,1,0.712712043,0.248500224
43,2,1,2,0,0.992765527,0.497521095
43,1,2,2,0,0.605524549,0.252000129
43,1,1,2,1,0.642050547,0.19783465
43,1,2,2,0,1.839441994,0.971096629
43,2,1,1,0,1.048623108,0.276279259
43,1,2,2,0,0.889416637,1.655122704
43,1,1,2,1,0.953483739,0.468615392
43,2,1,2,0,1.324253424,0.46910758
43,1,1,1,1,2.234507137,0.479160825
43,2,2,2,1,1.402690569,0.392056028
43,1,2,2,0,1.041923277,0.414021639
44,2,1,2,0,4.283580446,0.493956343
44,2,1,2,0,4.19408142,0.861726243
44,1,1,2,1,4.413871882,1.380583134
44,1,2,2,0,10.43388273,3.15977517
44,2,1,2,0,3.626868276,0.778559422
44,2,2,1,1,14.04486941,1.349619568
44,2,2,1,1,7.186874005,1.122066987
44,1,1,2,1,5.984790204,0.433393811
44,1,1,2,1,4.810833935,1.41507133
44,2,2,1,1,8.35478685,1.674148712
44,1,1,2,1,3.192517613,4.446895642
44,1,1,2,1,3.57705925,0.654839987
44,2,1,2,0,4.015907258,1.164866407
44,2,1,2,0,4.804164896,0.385499889
44,2,1,2,0,5.509167538,1.208277447
44,2,1,2,0,4.96369747,0.758996439
44,2,2,2,1,6.070504743,2.001268494
44,1,1,1,1,3.614211329,2.096037438
44,2,2,2,1,7.920023774,1.077089807
44,1,1,2,1,4.214279816,1.238906044
44,1,1,2,1,6.893363011,0.963947997
44,1,2,1,0,5.514760295,0.952770416
44,2,2,2,1,6.517042557,3.981937842
44,2,1,1,0,14.004537,7.863833091
44,1,2,2,0,17.34915304,0.563472043
44,2,2,2,1,4.405695952,0.427664828
44,2,2,2,1,4.933184106,0.539642181
44,1,1,2,1,4.454079264,0.982362384
44,2,2,2,1,4.104743812,0.501181953
44,1,1,2,1,4.259361498,0.436966494
44,1,2,1,0,22.01962596,1.40959334
44,1,1,2,1,5.180813786,0.699311916
44,1,1,2,1,5.065290809,4.519350945
44,1,1,2,1,2.969048564,0.912206606
44,1,1,2,1,4.304471639,0.665720856
44,1,1,2,1,6.766151136,0.383491946
44,1,1,2,1,11.46619644,0.459568451
44,2,2,2,1,12.33697149,0.606160896
44,2,1,2,0,4.219612715,6.112867025
44,1,1,2,1,4.252335563,1.095341376
44,2,1,2,0,6.104589858,0.652602978
44,2,1,1,0,9.02738715,0.800210125
44,1,1,2,1,3.603286141,0.423773972
44,2,1,2,0,4.965844906,0.587483386
45,1,2,1,0,10.47598656,4.346536741
45,1,1,2,1,1.702068639,0.439193706
45,1,1,2,1,3.263265884,2.130344154
45,2,1,2,0,2.738957596,1.322785723
45,1,1,2,1,1.288321319,1.21698662
45,2,1,1,0,4.958365504,0.690610673
45,2,1,2,0,1.569517333,0.124864298
45,2,2,2,1,4.858746053,0.951621353
45,2,1,2,0,4.513364905,0.474049061
45,1,2,1,0,2.334481152,2.060803261
45,2,2,2,1,3.07942992,0.556350003
45,1,1,2,1,1.257281243,0.561395987
45,2,1,2,0,1.773009587,0.415379706
45,1,1,2,1,9.125661131,0.975844967
45,2,2,2,1,2.227926272,0.467757444
45,1,1,2,1,2.177093213,0.934433472
45,1,1,2,1,2.350960375,0.380922301
45,1,2,1,0,2.093403412,0.743433947
45,1,1,2,1,3.297806332,0.837030969
45,2,1,2,0,2.469906279,0.65011451
45,2,2,1,1,3.752670765,0.973152625
45,1,2,1,0,3.994986674,1.469331048
45,1,1,2,1,3.192635645,2.064968437
45,2,1,1,0,3.793274697,0.611264729
45,1,2,2,0,8.08479361,0.58969147
45,2,1,2,0,3.838389036,0.54889906
45,1,1,2,1,1.444201901,0.800472781
45,2,1,2,0,0.853838162,0.07304313
45,2,1,1,0,2.743665345,0.472563631
45,1,1,2,1,1.383545597,0.909681747
45,2,1,2,0,2.212763595,0.588766342
45,2,1,2,0,1.922167011,0.439399446
45,2,1,2,0,2.062440313,0.118928643
45,1,1,2,1,9.148131059,6.096165267
45,2,1,2,0,1.804540919,0.577724521
45,2,1,2,0,4.614110093,0.61389129
45,2,1,2,0,5.736789633,0.902020399
45,1,1,2,1,2.555857815,0.632071013
45,1,1,2,1,10.66516895,0.461569863
45,1,1,2,1,1.463058558,0.997893153
45,1,2,1,0,1.692683464,0.659607919
45,2,2,1,1,2.283011747,2.610788402
45,1,1,2,1,1.563425391,0.407048422
45,2,1,2,0,1.79707458,0.623322651
46,1,2,1,0,2.26276903,0.413768313
46,1,1,2,1,3.193948459,0.630241284
46,2,2,1,1,2.903214715,0.417668966
46,2,2,2,1,4.123293027,0.666247101
46,1,1,2,1,1.803393256,0.146355914
46,2,1,2,0,1.288771987,0.099609655
46,1,1,2,1,2.597882329,1.09214145
46,2,2,1,1,1.717092289,0.114803122
46,2,2,1,1,1.292846189,0.076434333
46,2,2,1,1,1.405113257,0.748603094
46,1,1,2,1,1.484859017,0.065039349
46,1,1,2,1,1.918533679,0.875537384
46,2,1,2,0,1.612663851,0.122021734
46,2,1,2,0,2.813402647,1.104197973
46,2,1,2,0,1.738327314,0.116700498
46,2,2,2,1,3.129034606,1.192846983
46,2,2,1,1,2.503081661,0.327440288
46,1,2,1,0,3.220330238,1.216541085
46,2,1,1,0,4.559937149,0.732815268
46,2,1,2,0,1.757329529,0.23739029
46,2,2,1,1,1.762954942,0.077918364
46,1,1,2,1,0.687229734,0.078283656
46,1,1,2,1,1.328873,0.086718977
46,2,2,1,1,1.412508217,0.272242379
46,1,1,2,1,1.385374392,3.107518263
46,1,2,2,0,2.796900564,0.123390065
46,1,1,1,1,1.663002855,0.111251433
46,2,1,2,0,3.38551855,0.119181036
46,2,1,2,0,1.822443523,0.111564008
46,1,1,2,1,3.646706045,3.048175706
46,1,1,2,1,1.723507537,0.129545456
46,1,2,1,0,3.153881969,0.115475858
46,1,1,2,1,3.67313541,0.111705366
46,2,1,2,0,1.662751862,0.668182265
46,2,1,2,0,2.736257323,0.088944789
46,1,1,2,1,2.515005689,0.141693885
46,1,2,1,0,2.463138801,0.149132232
46,1,1,2,1,2.679253478,0.10684926
46,1,1,2,1,2.453012778,0.742171051
46,2,1,1,0,1.326001977,0.07548028
46,2,2,2,1,1.39219692,0.226710029
46,2,2,2,1,0.905689654,0.122356702
46,1,1,2,1,1.677678474,0.097657229
46,1,1,2,1,1.9933095,0.079187791
47,2,2,2,1,0.929916067,0.24716595
47,2,2,2,1,1.611423816,0.49866176
47,2,2,2,1,2.295750802,1.894052075
47,2,2,1,1,3.484107904,5.472330833
47,2,2,2,1,2.169148681,0.621594159
47,1,2,1,0,4.405265346,2.209476428
47,1,2,2,0,2.321217717,0.70793898
47,2,2,1,1,2.306187068,1.058332987
47,1,1,2,1,2.700260837,4.662920279
47,1,1,1,1,4.475841001,0.997293196
47,1,2,1,0,5.52060451,2.000433406
47,1,1,2,1,10.09934187,0.873607351
47,2,2,1,1,5.416096762,4.505577127
47,2,2,2,1,3.512666977,2.948664956
47,2,2,1,1,1.852560337,0.950505415
47,1,2,1,0,4.42168392,1.793359139
47,1,2,1,0,5.665792235,1.051213747
47,1,2,1,0,4.509950375,2.323548032
47,2,1,2,0,1.723768327,1.952923437
47,2,2,2,1,1.351606518,0.287990083
47,2,2,1,1,4.435561307,5.780961583
47,1,2,1,0,1.435613559,0.712030444
47,2,2,2,1,3.281754916,0.322894424
47,1,1,1,1,4.22921156,1.103561626
47,2,2,1,1,4.268016554,2.06806666
47,1,2,2,0,2.509146078,0.263082071
47,2,2,2,1,1.926608839,2.173400632
47,2,2,2,1,2.025857866,5.408814702
47,1,2,1,0,2.270756016,0.789555057
47,1,1,1,1,2.981815145,0.964079092
47,2,2,2,1,3.159611418,0.308057852
47,2,2,1,1,2.031325592,0.99237924
47,2,2,2,1,1.872606179,1.042309564
47,1,2,1,0,1.941716931,2.202082401
47,2,2,2,1,2.299979426,0.302155786
47,1,2,2,0,1.054281645,0.264227401
47,2,2,2,1,4.677353303,1.369276791
47,1,2,2,0,1.583923299,0.759589398
47,1,2,2,0,2.379139692,0.703338999
47,1,2,2,0,3.980655353,1.747364925
47,2,1,1,0,4.500176115,1.234945209
47,1,2,2,0,1.82223825,0.457419149
47,1,2,2,0,3.27700238,0.300428228
47,1,2,2,0,2.212107654,0.250720438
48,2,2,1,1,1.531671991,0.298391826
48,1,1,2,1,4.60717933,0.17648999
48,1,1,2,1,2.022704593,1.181355427
48,2,1,2,0,3.022657474,0.152382076
48,2,1,2,0,1.951636749,0.109035884
48,1,2,2,0,2.646821278,0.809202015
48,1,2,2,0,4.51084098,0.319422045
48,1,2,2,0,4.264226002,0.656135073
48,1,1,2,1,1.69177793,0.22685512
48,2,2,1,1,1.656293227,0.163061404
48,1,1,2,1,1.367190004,0.130534032
48,2,2,2,1,1.6320029,0.934866878
48,1,1,2,1,3.192112665,0.055388719
48,2,1,2,0,5.603870236,0.229990665
48,2,2,2,1,3.782337378,0.810106149
48,2,2,1,1,4.241849379,1.863677736
48,1,1,2,1,1.118030574,0.250830539
48,2,2,2,1,5.77079637,0.76916445
48,1,1,2,1,1.342267996,0.160610258
48,2,1,2,0,3.674149645,1.284086164
48,1,1,2,1,3.546105948,1.765843227
48,2,2,1,1,3.051081252,0.554258552
48,1,1,2,1,3.011445369,0.111936765
48,1,1,2,1,1.747225432,0.622627989
48,2,2,2,1,5.357041587,2.021137987
48,2,1,2,0,4.046691676,1.749710168
48,2,1,2,0,3.991949566,1.165743483
48,1,1,2,1,2.293973791,3.328160143
48,1,2,1,0,3.672248537,1.449656098
48,2,2,1,1,2.948950472,0.253019496
48,2,1,2,0,2.292142663,0.244219349
48,1,1,2,1,4.452151564,1.621704727
48,2,2,1,1,2.541278767,0.162380737
48,1,1,2,1,1.88377303,0.091422061
48,2,1,2,0,2.154254726,0.331526153
48,1,1,2,1,2.961462328,1.135537094
48,2,1,2,0,0.946022999,0.231579664
48,1,1,2,1,2.031915286,1.488903828
48,1,1,2,1,2.287835662,0.790898195
48,1,1,2,1,2.107512199,0.111006971
48,2,2,1,1,2.401761709,2.428578293
48,2,2,1,1,3.513231011,0.942015977
48,1,1,2,1,3.67159213,0.952821267
48,2,2,2,1,7.001191516,1.112083721
49,2,2,2,1,11.90394165,0.817083782
49,1,1,2,1,5.305283027,0.35654148
49,2,2,2,1,4.940956194,0.08698999
49,1,1,2,1,3.485591311,1.406812556
49,2,1,2,0,7.611884256,1.620470415
49,1,1,2,1,3.847317642,1.391384123
49,1,1,2,1,15.42153265,1.317534606
49,2,1,2,0,2.04474724,5.123054979
49,1,2,1,0,13.07862373,2.683129912
49,2,2,1,1,2.065919331,1.825051716
49,1,1,2,1,27.95690182,0.092601561
49,1,1,2,1,3.28825272,2.680269719
49,1,1,2,1,16.98994066,2.010523439
49,2,1,2,0,4.866069334,0.168869719
49,2,1,2,0,1.896792806,0.1255648
49,1,2,1,0,4.140020907,0.921331532
49,2,1,2,0,4.96592258,0.110506928
49,2,2,2,1,1.834028234,0.08246452
49,2,2,1,1,8.249220385,0.847210971
49,1,1,2,1,1.089863487,0.217660012
49,1,1,2,1,2.724016312,0.875307425
49,1,1,2,1,3.902810653,0.942464185
49,1,2,1,0,3.263305781,0.448780884
49,2,1,1,0,5.722643632,0.684807055
49,2,2,2,1,10.17026079,0.884910487
49,1,1,2,1,1.800984616,0.087779506
49,2,2,2,1,3.491775288,0.940643307
49,1,1,2,1,1.551631372,0.234690783
49,2,1,2,0,3.774459198,0.674845859
49,2,1,2,0,7.748766933,0.080772655
49,1,1,2,1,3.630038077,0.440587693
49,2,1,2,0,11.06743541,2.335714753
49,1,1,2,1,2.738411125,0.083889746
49,1,1,2,1,1.81760801,0.065728707
49,2,2,2,1,16.28570166,1.112881896
49,1,1,2,1,2.22916152,0.131321798
49,1,2,2,0,6.032792986,1.403842607
49,2,2,2,1,13.28763182,0.114649792
49,2,2,2,1,34.70039047,0.626009428
49,1,1,2,1,2.727995734,0.791160645
49,1,1,1,1,10.8018494,0.295318238
49,2,1,1,0,4.167265153,0.922668929
49,2,1,2,0,2.742172568,0.381711073
49,2,1,2,0,8.339620195,0.347644094
50,1,1,2,1,2.732278269,0.148955316
50,1,1,2,1,1.027358773,0.038788786
50,1,1,2,1,1.281224023,0.06292653
50,1,1,2,1,2.920938762,2.034242398
50,2,1,2,0,1.754312959,1.221806903
50,1,2,2,0,14.36187534,1.72230158
50,2,1,2,0,2.393374442,0.199996023
50,2,1,2,0,2.671905807,0.435095231
50,1,1,2,1,1.089129949,0.049970687
50,1,2,1,0,1.213808763,0.128930713
50,1,1,2,1,1.847908019,0.094710864
50,1,1,1,1,14.72405506,0.113826472
50,1,1,2,1,3.017623914,0.045788142
50,1,1,2,1,1.496096954,0.052364834
50,1,2,1,0,10.64362668,2.049229074
50,2,1,1,0,3.278733285,0.649511065
50,2,1,2,0,1.031688303,0.089769936
50,2,2,1,1,1.265635513,0.05610754
50,2,2,1,1,1.734950332,0.156375432
50,1,1,2,1,1.054632654,0.263195459
50,1,1,2,1,1.121634569,0.127850981
50,2,1,2,0,1.310984094,0.101736592
50,1,2,1,0,2.843735375,0.289160412
50,2,1,2,0,0.784380401,0.021981586
50,1,2,1,0,10.42296092,0.309713793
50,2,1,1,0,7.724765842,0.127807052
50,2,1,2,0,2.591160893,0.349859006
50,2,1,2,0,3.018370671,0.791877979
50,2,2,1,1,1.760825982,0.203372531
50,1,1,2,1,2.599254929,0.567349476
50,2,1,2,0,0.911333684,0.039047651
50,2,1,2,0,0.773073713,0.025980891
50,1,1,2,1,1.052095262,0.597909801
50,2,1,2,0,2.485437567,0.120111608
50,2,1,2,0,10.20448856,8.853136713
50,1,1,2,1,2.369276778,0.13023918
50,1,2,2,0,4.551065225,0.913124784
50,2,1,2,0,0.686982856,0.033127673
50,2,1,2,0,0.755830926,0.033095033
50,2,1,2,0,0.927218445,0.895397436
50,2,1,2,0,2.816952278,0.038945696
50,1,2,1,0,1.072173541,0.096378232
50,1,1,2,1,0.771022903,0.040676051
50,2,1,2,0,1.493187187,0.073879379
51,2,2,1,1,1.367446027,0.308247408
51,2,1,2,0,1.612646821,0.318471946
51,1,2,1,0,1.561765589,0.444717075
51,2,1,2,0,1.250357282,0.36162127
51,1,1,2,1,1.132762358,0.217099874
51,1,1,2,1,1.534904779,0.387430221
51,2,1,2,0,0.983380132,0.22656233
51,1,1,2,1,0.908123998,0.828568215
51,1,1,2,1,1.143510731,0.245813768
51,1,2,1,0,2.854390208,1.522656741
51,1,1,2,1,0.796808323,0.176313682
51,1,1,2,1,0.842709551,0.236400813
51,2,1,2,0,0.78181746,0.273937974
51,1,1,2,1,1.113751806,0.279391442
51,2,1,2,0,1.436524696,0.253322913
51,2,1,2,0,1.960992967,0.31622902
51,2,1,2,0,0.897881592,0.209476259
51,2,2,1,1,1.864108458,0.639527935
51,1,1,2,1,1.400972246,0.739607681
51,1,1,2,1,1.016790973,0.324236665
51,2,1,2,0,1.037255659,0.181748129
51,1,1,2,1,5.532502976,3.053524865
51,2,1,1,0,3.281353178,1.16951448
51,1,1,2,1,0.842346926,0.220833183
51,1,2,1,0,3.946814946,0.376672804
51,2,2,1,1,1.739805306,0.50307527
51,2,2,2,1,4.474467838,1.281248121
51,2,1,2,0,1.567908048,0.386619657
51,2,1,2,0,0.94683041,0.232586496
51,1,1,2,1,1.617301193,0.218300582
51,2,1,2,0,0.766438661,0.202522667
51,1,1,2,1,1.221316969,0.319125178
51,2,1,2,0,0.964514031,0.29634198
51,2,1,2,0,0.909831521,0.236893622
51,1,1,2,1,2.267658907,0.767639755
51,1,1,2,1,1.113683149,0.248875365
51,1,1,2,1,0.868392716,0.134156685
51,2,1,2,0,0.950170316,0.219578195
51,2,1,2,0,1.419764981,0.261131244
51,2,1,2,0,0.893633014,0.294067042
51,1,1,2,1,0.917480977,0.221722927
51,1,1,1,1,1.269472078,0.532841763
51,1,1,2,1,0.825237927,0.741119988
51,2,1,2,0,3.955189065,1.039797512
52,1,2,2,0,2.120594192,3.402998002
52,1,2,1,0,4.171367218,1.446642482
52,2,2,1,1,0.908911679,0.755271104
52,2,1,2,0,2.250803987,1.217499426
52,2,2,1,1,1.007808509,0.73085963
52,1,2,2,0,1.518375009,0.738605856
52,2,2,2,1,12.33020564,4.550559295
52,1,1,2,1,1.857299483,0.352803167
52,1,2,2,0,1.967091208,0.641324385
52,1,2,1,0,1.724829512,0.313993556
52,1,2,1,0,1.513122499,1.382022293
52,1,1,1,1,6.75182612,0.95630857
52,2,1,2,0,2.63387854,2.848585815
52,1,1,2,1,1.915006591,0.551715564
52,2,2,2,1,1.570640597,0.428993614
52,2,2,2,1,1.708666082,0.289970438
52,1,1,2,1,2.841404138,1.854290092
52,2,2,1,1,1.271087442,0.333741685
52,2,1,1,0,1.248835447,1.090119081
52,2,1,2,0,1.77837096,0.348119632
52,2,2,2,1,1.893642,0.682212268
52,1,2,2,0,1.712142454,0.50155098
52,1,2,1,0,3.213179365,0.345465301
52,2,1,1,0,1.442599009,1.035902234
52,2,1,1,0,0.603127717,1.071411045
52,2,2,2,1,2.801817575,0.743912931
52,2,2,2,1,3.939559241,1.705031836
52,1,2,2,0,1.655557695,1.704219832
52,2,2,2,1,1.543167019,0.593836192
52,2,1,1,0,0.724748321,0.38067081
52,1,2,1,0,0.582531012,3.322704144
52,1,1,2,1,1.793171987,0.562038512
52,2,2,2,1,4.165451279,0.7932375
52,2,2,2,1,0.854689902,0.480674901
52,1,2,2,0,1.865613189,0.623918235
52,2,1,2,0,2.190522857,0.798877326
52,2,2,1,1,4.841123963,1.254193659
52,1,1,2,1,1.309780507,1.068975035
52,1,2,2,0,3.709194169,1.973167266
52,1,2,1,0,2.043135781,1.186099772
52,1,2,1,0,4.359994558,1.819912317
52,1,2,1,0,3.066695724,0.357114725
52,1,1,2,1,2.065427159,0.736606265
52,2,2,2,1,1.30611122,1.33603104
53,2,2,2,1,5.056153056,3.869061361
53,2,1,2,0,5.264636376,2.459216516
53,1,2,2,0,2.109546608,0.823804826
53,1,1,2,1,4.618281577,0.51522249
53,2,1,2,0,2.482341698,0.877500743
53,1,1,2,1,4.532539106,1.103034501
53,2,1,2,0,1.500542815,1.314272606
53,1,1,1,1,4.218831144,1.17249012
53,2,1,1,0,5.773810502,1.373249308
53,2,2,1,1,2.264502657,0.885231412
53,2,1,2,0,4.7524688,4.125668483
53,2,1,2,0,8.49076462,0.603230692
53,2,2,1,1,9.557086107,1.231555836
53,1,1,2,1,2.335200195,1.040492548
53,2,2,2,1,4.300715541,1.106309426
53,1,2,1,0,2.007429246,1.127321341
53,2,1,1,0,4.240594505,0.63226957
53,1,2,2,0,3.29927301,2.004881137
53,1,2,2,0,2.538352222,1.06101747
53,1,1,2,1,3.934362005,1.291151082
53,2,2,1,1,8.388390868,1.170529747
53,1,1,2,1,5.667862581,0.942888195
53,2,2,1,1,2.865118624,0.516702845
53,1,1,1,1,4.268750795,1.042729437
53,1,2,2,0,4.562111821,1.060906614
53,2,2,2,1,3.608051614,1.625393836
53,1,1,2,1,4.458523759,1.042954533
53,1,2,2,0,1.93332199,0.554071802
53,1,2,2,0,2.415671766,1.013594683
53,2,1,2,0,2.144859923,0.619126257
53,2,1,2,0,4.123121305,0.751168652
53,1,2,1,0,2.943006208,1.574356549
53,2,2,1,1,8.58954765,1.028086231
53,1,1,2,1,3.297697639,0.824615475
53,2,1,2,0,1.629260532,0.599361548
53,2,1,2,0,9.757106575,0.664887614
53,2,1,2,0,5.514724017,1.28459474
53,1,1,2,1,2.745268899,1.042748543
53,2,1,1,0,2.870661975,0.945504332
53,1,1,2,1,5.578307042,1.362602657
53,1,1,2,1,5.570773248,0.522131372
53,1,1,2,1,3.059260153,1.958365015
53,2,2,2,1,4.581039486,0.319055495
53,1,1,1,1,5.978522015,0.295429369
54,1,2,1,0,1.812184672,1.739157589
54,2,1,2,0,1.969901598,0.163953071
54,1,1,2,1,2.023365746,0.102636846
54,2,1,2,0,0.74369817,0.231072029
54,1,1,2,1,1.117988054,0.387692064
54,2,1,1,0,3.056323711,0.596607448
54,2,1,1,0,2.997405507,1.035588411
54,1,1,2,1,4.212822957,2.143155348
54,2,1,2,0,3.056932328,0.755991043
54,2,2,1,1,3.110592874,0.607479822
54,2,1,2,0,1.09730781,0.3512853
54,2,1,2,0,2.199832664,0.342545786
54,1,1,2,1,3.58458883,0.637347726
54,1,1,2,1,1.310679065,0.316374779
54,2,2,2,1,5.648898591,1.635368436
54,1,1,2,1,4.29252076,0.299114516
54,1,1,2,1,0.824505399,0.18729762
54,1,2,1,0,1.483793654,1.227910757
54,1,1,1,1,4.398608605,2.814557893
54,1,1,2,1,0.946429923,0.296623003
54,2,2,1,1,3.746644502,0.696168227
54,1,1,2,1,3.29874707,0.746893668
54,1,2,1,0,1.600442705,0.506415084
54,2,1,2,0,2.918634723,0.16811307
54,2,2,2,1,2.676956165,0.630536973
54,2,2,1,1,6.489452687,1.57574478
54,2,1,2,0,2.492365113,1.5271482
54,2,1,1,0,6.508220341,0.371566943
54,2,1,2,0,3.23385399,0.358366218
54,2,1,2,0,3.36795189,1.871371959
54,1,1,2,1,0.928463013,0.222530107
54,2,1,2,0,2.56334143,0.339653305
54,1,1,2,1,7.139890245,6.399708499
54,1,1,2,1,1.218619907,0.163933598
54,1,1,2,1,1.332468096,0.42457294
54,2,1,2,0,0.948951495,0.281131259
54,1,1,2,1,2.134821141,0.29682801
54,1,1,2,1,2.456105797,1.052794577
54,1,1,2,1,0.940267517,0.194057029
54,2,1,2,0,0.913380249,0.192955665
54,1,2,1,0,3.742191021,0.866555371
54,2,1,2,0,1.55679663,0.265848074
54,1,1,2,1,0.87535055,0.253760919
54,2,1,1,0,3.066855831,0.791192572
55,1,1,2,1,1.592440101,0.18799496
55,1,2,2,0,1.321371542,0.208822193
55,2,1,2,0,0.997470194,0.192224007
55,1,2,2,0,14.01085946,0.390783711
55,2,1,2,0,0.70532152,0.153427649
55,2,2,2,1,3.697784784,0.618234083
55,1,2,1,0,1.367439156,1.21081782
55,2,1,2,0,2.817861002,0.2877056
55,1,2,2,0,2.464816562,0.222436485
55,2,2,1,1,2.600244386,0.206491194
55,1,1,2,1,1.804885806,0.11736732
55,2,1,2,0,2.515790877,0.447972131
55,1,1,2,1,3.18528399,0.26457922
55,2,1,2,0,1.151116367,0.171152157
55,1,2,2,0,7.241658584,0.743935706
55,1,2,2,0,3.343074985,2.805430689
55,1,1,2,1,1.687717871,0.196522455
55,1,2,1,0,1.09103469,0.234485255
55,1,2,2,0,2.173774162,0.238619531
55,2,1,2,0,4.018206376,0.757083081
55,1,1,2,1,2.469115286,0.431128733
55,2,1,2,0,15.32314647,0.191760728
55,2,2,1,1,4.798352197,0.581566292
55,2,1,2,0,1.874996367,0.326965808
55,2,2,2,1,4.271033744,0.220833868
55,2,2,2,1,1.532594936,0.21693567
55,2,2,2,1,2.02313915,0.213743138
55,2,1,2,0,1.832992991,0.19237888
55,2,2,2,1,5.34261492,0.272059011
55,2,1,2,0,5.516421323,0.558212469
55,1,1,2,1,1.820749709,0.340219811
55,1,1,1,1,18.26413278,1.943041777
55,2,1,2,0,1.419318246,0.25987326
55,1,2,2,0,1.848466993,0.254506108
55,2,1,2,0,0.742280246,0.20582466
55,2,1,2,0,10.72927276,0.140425607
55,1,1,2,1,1.335602382,0.213019679
55,1,1,2,1,0.709366795,0.124265477
55,2,1,2,0,11.42099279,0.425113873
55,1,1,2,1,0.722465268,0.176742765
55,1,2,2,0,4.543841346,0.204036691
55,1,1,2,1,1.670784497,0.197821117
55,2,2,1,1,10.85262002,1.312602214
55,1,1,2,1,4.067715002,0.204055165
56,1,1,1,1,6.726102563,0.091222123
56,1,2,2,0,3.45482777,1.328930916
56,2,2,2,1,2.561015696,0.713614953
56,1,1,2,1,6.720546891,0.357533249
56,1,1,2,1,2.265065955,1.918473644
56,1,1,2,1,11.63466445,3.606452953
56,1,1,2,1,2.219884041,0.243731407
56,1,1,2,1,2.548146977,0.790651831
56,1,1,2,1,10.00509668,0.647149128
56,1,1,1,1,3.740976084,0.9606437
56,2,1,2,0,5.858674965,1.254878907
56,1,1,2,1,2.270098198,0.267345333
56,1,1,2,1,2.177123178,0.339412048
56,2,1,2,0,9.25224566,1.030578624
56,2,2,2,1,3.783082724,1.347408882
56,2,1,1,0,6.841406155,1.065769725
56,1,1,2,1,2.633888797,0.286778322
56,2,1,1,0,2.252701107,0.602537878
56,2,1,2,0,3.237580556,0.848057681
56,2,2,2,1,6.358384893,5.508238027
56,2,1,1,0,7.169438797,0.155185858
56,1,1,2,1,11.98364661,0.451925666
56,2,2,1,1,5.601658915,0.648596399
56,2,1,2,0,7.96341449,0.516807993
56,1,2,2,0,4.321539483,1.134558624
56,1,1,1,1,8.87296899,0.29042845
56,1,2,2,0,2.205351023,0.390659405
56,2,1,2,0,4.051701283,1.900545689
56,2,2,2,1,6.711915512,0.693805014
56,2,1,2,0,1.991067496,0.232808742
56,2,1,2,0,1.965521115,0.865070727
56,1,2,1,0,11.91536787,0.953289802
56,2,1,2,0,1.586467823,0.30910813
56,1,1,1,1,1.096881924,1.152073034
56,1,1,1,1,4.840384578,0.615086792
56,2,1,2,0,7.985520488,2.384742955
56,2,2,2,1,7.812084025,1.483651008
56,2,2,2,1,1.670386448,1.363052346
56,1,1,2,1,2.009400911,0.570918419
56,2,1,2,0,1.802515786,1.34753084
56,1,1,2,1,6.819663548,0.749225432
56,2,2,2,1,5.843562399,6.097263502
56,1,1,2,1,1.544728269,0.428810312
56,2,1,2,0,4.81013422,0.35343779
57,1,2,1,0,1.200072733,0.290472274
57,2,1,2,0,1.151766907,0.101304332
57,2,2,1,1,4.065963183,2.400572909
57,1,1,1,1,3.287159366,3.752692751
57,2,1,2,0,1.85474155,0.407003337
57,1,1,2,1,1.495128849,0.757657367
57,1,1,2,1,1.917447596,0.17644697
57,2,1,2,0,2.631839452,0.285361439
57,1,2,1,0,3.041735749,3.045676555
57,2,2,1,1,5.302690459,3.728805895
57,2,1,2,0,1.173167254,0.201995132
57,1,1,2,1,0.904022945,0.117765131
57,1,1,2,1,4.40751281,0.328427925
57,2,1,2,0,1.457530768,0.128186147
57,2,2,1,1,5.078495704,1.675614935
57,2,2,1,1,2.065978912,1.071370542
57,1,2,2,0,5.942502256,0.452698092
57,1,2,1,0,1.880160687,0.630497832
57,1,2,2,0,3.054365966,0.625362
57,1,1,2,1,1.215602012,0.449486435
57,2,1,2,0,2.154536809,0.148643345
57,2,1,2,0,4.604498789,2.70023506
57,2,2,1,1,2.538298952,0.20267735
57,1,2,2,0,6.842454483,0.531820577
57,1,2,2,0,3.390298901,0.65763164
57,2,1,1,0,4.931085752,0.822382083
57,2,1,2,0,2.236996532,1.891275333
57,1,2,1,0,4.96373426,0.634948599
57,1,2,2,0,2.903590245,0.769150757
57,1,1,2,1,1.456309191,0.2235044
57,1,1,2,1,2.08914976,0.676035507
57,1,2,2,0,1.403085986,1.115539615
57,2,1,1,0,3.763175157,1.200433376
57,2,1,2,0,1.057126903,0.274138206
57,2,1,1,0,3.86449375,0.345110202
57,2,1,2,0,1.947405181,0.06890516
57,1,1,2,1,6.018540769,0.148937379
57,1,1,2,1,1.020480009,0.559437994
57,2,1,2,0,4.879051299,0.18888426
57,2,1,2,0,3.436027129,0.806609161
57,1,1,2,1,2.138174575,0.789948052
57,2,2,1,1,1.584638812,0.609820602
57,1,1,2,1,2.136582004,0.235757804
57,2,2,1,1,3.324215974,0.556090684
58,2,1,2,0,1.763934679,0.455402637
58,2,1,2,0,2.309157666,0.128469019
58,2,2,1,1,1.296521972,0.23971435
58,2,2,2,1,5.361752706,0.106885426
58,1,1,2,1,1.633961097,0.474627922
58,1,1,2,1,1.947995366,0.527017839
58,2,1,1,0,1.199690321,4.52841247
58,1,1,2,1,5.988680918,0.13731699
58,1,2,1,0,6.374531006,1.172511022
58,2,2,1,1,1.990855548,0.751437856
58,2,1,2,0,2.075550134,0.36837212
58,1,1,2,1,1.275538552,0.124404755
58,2,2,2,1,2.519379258,0.583725357
58,1,1,2,1,3.816938031,0.787478502
58,2,1,2,0,1.585735352,0.195421183
58,1,2,1,0,2.126242774,0.616087235
58,1,1,2,1,2.901276636,0.223617412
58,2,2,1,1,3.237445069,1.303991307
58,2,1,2,0,3.802112219,0.765920698
58,1,1,2,1,2.460844356,0.250504526
58,1,2,1,0,1.725709679,0.209668386
58,2,2,2,1,3.727673643,1.172568573
58,1,2,1,0,2.351931487,0.912065732
58,2,2,2,1,4.04787161,0.903013814
58,1,2,2,0,5.77616667,0.293002322
58,1,1,2,1,1.125275083,0.195452476
58,1,1,1,1,2.725347511,0.142766107
58,1,1,2,1,2.661745863,0.209732092
58,1,2,1,0,2.01521415,1.055113968
58,2,1,2,0,4.234946867,0.659915951
58,2,1,2,0,1.282800557,0.219176438
58,1,1,2,1,1.504585337,0.333922782
58,1,1,2,1,1.369622255,0.069649315
58,2,1,2,0,2.380367924,0.147394469
58,1,2,2,0,2.845653683,0.538660537
58,2,1,2,0,1.907258228,0.280488365
58,1,1,2,1,2.950319192,0.350892591
58,2,1,2,0,69.06639314,7.173459695
58,2,1,1,0,1.151955012,0.355988045
58,1,1,2,1,2.726847029,0.240694956
58,2,1,2,0,1.993316009,0.25641705
58,1,2,1,0,1.535378374,1.043139725
58,2,1,2,0,1.969455502,0.179002032
58,2,1,2,0,4.233907384,0.385502424
59,1,1,2,1,2.424616977,1.791382734
59,2,1,2,0,2.00163198,0.807839668
59,2,1,1,0,1.784976227,0.233779547
59,1,1,2,1,0.860807325,0.23839066
59,2,1,2,0,1.230561524,0.264201502
59,1,1,2,1,0.730640376,0.105996695
59,1,1,2,1,2.383732683,0.409334456
59,2,2,2,1,1.454460192,0.196260441
59,2,1,2,0,0.919556084,0.111292647
59,1,1,1,1,2.126421919,0.328841461
59,1,1,2,1,0.621033257,0.11444683
59,2,1,2,0,1.27860336,0.087043442
59,2,1,1,0,1.434720323,0.298987
59,1,2,1,0,10.89578062,2.867207134
59,2,1,2,0,1.027806239,0.149773123
59,2,1,1,0,1.708011545,0.817223337
59,1,1,2,1,4.478857661,0.766170608
59,1,1,1,1,2.003019058,0.76308388
59,1,1,1,1,1.974995584,0.152035126
59,2,1,2,0,1.448527422,0.161204463
59,1,1,2,1,2.804277318,0.145576329
59,2,1,2,0,0.855247502,0.112140046
59,2,1,1,0,2.684765179,0.990901146
59,2,1,2,0,0.827771368,0.144236689
59,1,1,2,1,3.773664506,0.081177988
59,1,2,2,0,4.311396108,0.548670236
59,2,1,2,0,1.404800637,0.332885982
59,2,1,2,0,0.852640169,0.111327727
59,2,1,2,0,3.574138933,0.226681991
59,2,1,2,0,1.53265871,0.177965626
59,1,1,2,1,0.894198674,0.212271405
59,1,1,2,1,2.548219437,0.347449802
59,1,1,2,1,0.818829076,0.629097509
59,2,1,2,0,1.095654258,0.120439626
59,1,1,2,1,0.956233143,0.147171428
59,1,1,2,1,2.852767811,4.150326056
59,1,1,2,1,2.32511216,0.390360242
59,2,1,2,0,0.79749574,0.137848916
59,2,1,2,0,0.843171069,0.150481858
59,2,1,2,0,1.490320965,1.144979665
59,1,1,2,1,2.927295117,0.29725134
59,2,1,2,0,2.994840131,0.249755262
59,1,1,2,1,1.17089301,0.286622172
59,1,2,2,0,3.894485506,1.687135253