Subj_idx,Stimulus,Response,Confidence,Condition,Exp
7001,0,1,1,-1,2a
7001,-3,0,0,-1,2a
7001,30,0,0,-1,2a
7001,6,1,1,-1,2a
7001,10,1,1,-1,2a
7001,-10,0,1,-1,2a
7001,-30,0,1,-1,2a
7001,3,1,0,-1,2a
7001,20,1,1,-1,2a
7001,-20,0,1,-1,2a
7001,-6,0,0,-1,2a
7001,6,1,0,1,2a
7001,-3,1,0,1,2a
7001,0,1,0,1,2a
7001,30,1,1,1,2a
7001,10,1,0,1,2a
7001,3,1,0,1,2a
7001,-6,1,0,1,2a
7001,-20,0,1,1,2a
7001,-10,1,0,1,2a
7001,20,1,1,1,2a
7001,-30,0,1,1,2a
7001,20,1,1,-1,2a
7001,-10,0,1,-1,2a
7001,6,0,0,-1,2a
7001,3,0,0,-1,2a
7001,0,0,0,-1,2a
7001,-6,0,0,-1,2a
7001,-20,0,1,-1,2a
7001,10,1,1,-1,2a
7001,-3,0,0,-1,2a
7001,-30,0,1,-1,2a
7001,30,1,1,-1,2a
7001,-30,0,1,1,2a
7001,-6,1,0,1,2a
7001,3,1,0,1,2a
7001,-10,0,1,1,2a
7001,20,1,1,1,2a
7001,0,1,0,1,2a
7001,6,1,0,1,2a
7001,10,1,1,1,2a
7001,-20,0,1,1,2a
7001,30,1,1,1,2a
7001,-3,1,0,1,2a
7001,6,0,0,-1,2a
7001,-10,0,0,-1,2a
7001,3,1,1,-1,2a
7001,-3,0,1,-1,2a
7001,30,1,1,-1,2a
7001,-30,0,1,-1,2a
7001,-20,0,1,-1,2a
7001,0,0,0,-1,2a
7001,20,1,1,-1,2a
7001,10,1,1,-1,2a
7001,-6,0,0,-1,2a
7001,30,1,1,1,2a
7001,10,1,1,1,2a
7001,6,1,0,1,2a
7001,-3,1,0,1,2a
7001,-10,0,1,1,2a
7001,-20,0,1,1,2a
7001,0,1,0,1,2a
7001,-6,1,0,1,2a
7001,20,1,1,1,2a
7001,-30,0,1,1,2a
7001,3,1,0,1,2a
7001,-20,0,1,-1,2a
7001,0,0,0,-1,2a
7001,-30,0,1,-1,2a
7001,-3,0,0,-1,2a
7001,10,1,1,-1,2a
7001,-6,0,1,-1,2a
7001,6,1,1,-1,2a
7001,30,1,1,-1,2a
7001,20,1,1,-1,2a
7001,-10,0,1,-1,2a
7001,3,0,0,-1,2a
7001,3,1,0,1,2a
7001,10,1,1,1,2a
7001,-30,0,1,1,2a
7001,-3,1,0,1,2a
7001,-10,0,1,1,2a
7001,30,1,1,1,2a
7001,20,1,1,1,2a
7001,-6,0,0,1,2a
7001,6,1,0,1,2a
7001,0,1,0,1,2a
7001,-20,0,1,1,2a
7001,-30,0,1,1,2a
7001,3,1,0,1,2a
7001,-6,0,0,1,2a
7001,-20,0,1,1,2a
7001,30,1,1,1,2a
7001,10,1,1,1,2a
7001,-3,1,0,1,2a
7001,6,1,0,1,2a
7001,0,1,0,1,2a
7001,20,1,1,1,2a
7001,-10,0,1,1,2a
7001,-6,0,0,-1,2a
7001,0,0,0,-1,2a
7001,-3,0,0,-1,2a
7001,3,0,0,-1,2a
7001,30,1,1,-1,2a
7001,-20,0,1,-1,2a
7001,-10,0,1,-1,2a
7001,20,1,1,-1,2a
7001,-30,0,1,-1,2a
7001,6,1,1,-1,2a
7001,10,1,1,-1,2a
7001,-20,0,1,-1,2b
7001,10,1,1,-1,2b
7001,6,1,1,-1,2b
7001,20,1,1,-1,2b
7001,-30,0,1,-1,2b
7001,-3,1,0,-1,2b
7001,0,1,0,-1,2b
7001,30,1,1,-1,2b
7001,3,1,1,-1,2b
7001,-10,0,1,-1,2b
7001,-6,1,1,-1,2b
7001,6,0,0,1,2b
7001,-6,0,1,1,2b
7001,10,1,1,1,2b
7001,-3,0,0,1,2b
7001,20,1,1,1,2b
7001,30,1,1,1,2b
7001,0,0,0,1,2b
7001,-10,0,1,1,2b
7001,3,0,0,1,2b
7001,-20,0,1,1,2b
7001,-30,0,1,1,2b
7001,6,1,1,-1,2b
7001,3,1,0,-1,2b
7001,-20,0,1,-1,2b
7001,30,1,1,-1,2b
7001,-3,1,0,-1,2b
7001,-10,0,1,-1,2b
7001,-30,0,1,-1,2b
7001,-6,1,0,-1,2b
7001,20,1,1,-1,2b
7001,10,1,1,-1,2b
7001,0,1,0,-1,2b
7001,30,1,1,1,2b
7001,10,1,1,1,2b
7001,0,0,0,1,2b
7001,3,0,0,1,2b
7001,-10,0,0,1,2b
7001,-20,0,1,1,2b
7001,-3,0,0,1,2b
7001,-30,0,1,1,2b
7001,20,1,1,1,2b
7001,-6,0,1,1,2b
7001,6,0,0,1,2b
7001,-3,1,0,-1,2b
7001,10,1,1,-1,2b
7001,-30,0,1,-1,2b
7001,-20,0,1,-1,2b
7001,-6,0,1,-1,2b
7001,30,1,1,-1,2b
7001,0,1,0,-1,2b
7001,3,1,0,-1,2b
7001,6,1,0,-1,2b
7001,20,1,1,-1,2b
7001,-10,0,1,-1,2b
7001,-20,0,1,1,2b
7001,-3,0,1,1,2b
7001,0,0,0,1,2b
7001,3,0,0,1,2b
7001,6,1,1,1,2b
7001,-6,0,0,1,2b
7001,30,1,1,1,2b
7001,-10,0,1,1,2b
7001,10,1,1,1,2b
7001,20,1,1,1,2b
7001,-30,0,1,1,2b
7001,6,1,1,-1,2b
7001,30,1,1,-1,2b
7001,-6,1,0,-1,2b
7001,-20,0,1,-1,2b
7001,20,1,1,-1,2b
7001,-3,1,0,-1,2b
7001,0,1,0,-1,2b
7001,-30,0,1,-1,2b
7001,3,1,0,-1,2b
7001,-10,0,1,-1,2b
7001,10,1,1,-1,2b
7001,-10,0,1,1,2b
7001,10,1,1,1,2b
7001,-6,0,1,1,2b
7001,20,1,1,1,2b
7001,30,1,1,1,2b
7001,3,0,0,1,2b
7001,-20,0,1,1,2b
7001,6,1,1,1,2b
7001,-3,0,0,1,2b
7001,-30,0,1,1,2b
7001,0,0,0,1,2b
7001,-6,0,0,1,2b
7001,20,1,1,1,2b
7001,-10,0,1,1,2b
7001,10,1,1,1,2b
7001,3,0,0,1,2b
7001,30,1,1,1,2b
7001,-3,0,0,1,2b
7001,-30,0,1,1,2b
7001,6,0,0,1,2b
7001,0,0,0,1,2b
7001,-20,0,1,1,2b
7001,20,1,1,-1,2b
7001,3,1,0,-1,2b
7001,30,1,1,-1,2b
7001,-30,0,1,-1,2b
7001,10,1,1,-1,2b
7001,0,1,0,-1,2b
7001,-6,1,0,-1,2b
7001,-3,1,0,-1,2b
7001,-20,0,1,-1,2b
7001,6,1,0,-1,2b
7001,-10,0,1,-1,2b
7002,-10,0,1,1,2b
7002,30,1,1,1,2b
7002,3,0,0,1,2b
7002,10,1,1,1,2b
7002,-3,0,1,1,2b
7002,-20,0,0,1,2b
7002,6,0,0,1,2b
7002,-6,0,0,1,2b
7002,0,1,1,1,2b
7002,20,1,1,1,2b
7002,-30,0,0,1,2b
7002,-30,0,1,-1,2b
7002,20,1,0,-1,2b
7002,10,1,1,-1,2b
7002,30,1,1,-1,2b
7002,-10,1,0,-1,2b
7002,-3,0,1,-1,2b
7002,6,1,0,-1,2b
7002,-20,0,1,-1,2b
7002,3,1,0,-1,2b
7002,0,1,0,-1,2b
7002,-6,1,0,-1,2b
7002,-20,0,1,-1,2b
7002,-6,0,1,-1,2b
7002,-3,1,0,-1,2b
7002,0,1,0,-1,2b
7002,-10,0,1,-1,2b
7002,6,1,0,-1,2b
7002,10,1,1,-1,2b
7002,30,1,1,-1,2b
7002,-30,0,1,-1,2b
7002,3,1,1,-1,2b
7002,20,1,1,-1,2b
7002,0,1,1,1,2b
7002,20,1,1,1,2b
7002,6,1,1,1,2b
7002,30,1,1,1,2b
7002,10,1,1,1,2b
7002,-10,0,1,1,2b
7002,-3,0,0,1,2b
7002,-6,0,1,1,2b
7002,-30,0,1,1,2b
7002,-20,0,1,1,2b
7002,3,0,1,1,2b
7002,-20,0,1,1,2b
7002,-30,0,1,1,2b
7002,30,1,1,1,2b
7002,10,1,1,1,2b
7002,-3,0,0,1,2b
7002,20,1,1,1,2b
7002,0,0,0,1,2b
7002,3,0,0,1,2b
7002,-6,0,0,1,2b
7002,-10,0,1,1,2b
7002,6,1,1,1,2b
7002,0,1,0,-1,2b
7002,3,1,0,-1,2b
7002,-10,0,0,-1,2b
7002,10,1,0,-1,2b
7002,-30,0,1,-1,2b
7002,20,1,1,-1,2b
7002,30,1,1,-1,2b
7002,-6,1,0,-1,2b
7002,6,1,1,-1,2b
7002,-20,0,1,-1,2b
7002,-3,1,0,-1,2b
7002,6,1,1,1,2b
7002,20,1,1,1,2b
7002,-20,0,1,1,2b
7002,0,0,0,1,2b
7002,-30,0,1,1,2b
7002,-10,0,1,1,2b
7002,10,1,1,1,2b
7002,30,1,1,1,2b
7002,-3,0,1,1,2b
7002,3,1,1,1,2b
7002,-6,0,0,1,2b
7002,20,1,1,-1,2b
7002,-20,0,1,-1,2b
7002,-10,0,1,-1,2b
7002,0,1,0,-1,2b
7002,30,1,1,-1,2b
7002,6,1,0,-1,2b
7002,3,1,0,-1,2b
7002,-30,0,1,-1,2b
7002,-6,0,1,-1,2b
7002,10,1,1,-1,2b
7002,-3,1,0,-1,2b
7002,6,1,1,1,2b
7002,-10,0,1,1,2b
7002,20,1,1,1,2b
7002,-3,0,0,1,2b
7002,-6,0,0,1,2b
7002,10,0,0,1,2b
7002,-30,0,1,1,2b
7002,-20,0,1,1,2b
7002,0,0,0,1,2b
7002,30,1,1,1,2b
7002,3,0,0,1,2b
7002,6,1,0,-1,2b
7002,-3,0,0,-1,2b
7002,3,1,0,-1,2b
7002,-10,0,1,-1,2b
7002,20,1,1,-1,2b
7002,10,1,1,-1,2b
7002,-30,0,1,-1,2b
7002,-20,0,1,-1,2b
7002,30,1,1,-1,2b
7002,-6,0,1,-1,2b
7002,0,1,0,-1,2b
7002,-6,0,1,-1,2a
7002,20,1,1,-1,2a
7002,0,0,0,-1,2a
7002,-3,0,0,-1,2a
7002,-30,0,1,-1,2a
7002,-10,0,0,-1,2a
7002,-20,0,1,-1,2a
7002,3,0,0,-1,2a
7002,6,1,1,-1,2a
7002,10,1,1,-1,2a
7002,30,1,1,-1,2a
7002,20,1,1,1,2a
7002,-20,0,1,1,2a
7002,-6,1,0,1,2a
7002,3,1,1,1,2a
7002,0,1,0,1,2a
7002,-10,0,0,1,2a
7002,-3,1,0,1,2a
7002,30,1,1,1,2a
7002,-30,0,1,1,2a
7002,6,1,0,1,2a
7002,10,1,0,1,2a
7002,20,1,1,-1,2a
7002,6,1,1,-1,2a
7002,-30,0,1,-1,2a
7002,3,0,0,-1,2a
7002,-10,0,1,-1,2a
7002,-6,1,1,-1,2a
7002,-3,1,1,-1,2a
7002,30,1,1,-1,2a
7002,10,1,1,-1,2a
7002,-20,0,1,-1,2a
7002,0,1,1,-1,2a
7002,6,1,0,1,2a
7002,10,1,1,1,2a
7002,-10,1,1,1,2a
7002,-30,0,1,1,2a
7002,3,1,1,1,2a
7002,-20,0,1,1,2a
7002,-6,0,1,1,2a
7002,30,1,1,1,2a
7002,20,1,1,1,2a
7002,0,1,0,1,2a
7002,-3,1,0,1,2a
7002,-3,0,0,1,2a
7002,30,1,1,1,2a
7002,20,1,1,1,2a
7002,-10,0,1,1,2a
7002,6,1,0,1,2a
7002,-6,1,0,1,2a
7002,-30,0,1,1,2a
7002,-20,0,1,1,2a
7002,10,1,1,1,2a
7002,3,1,0,1,2a
7002,0,1,0,1,2a
7002,-6,0,1,-1,2a
7002,-20,0,1,-1,2a
7002,0,0,0,-1,2a
7002,10,1,1,-1,2a
7002,20,1,1,-1,2a
7002,3,0,0,-1,2a
7002,-30,0,1,-1,2a
7002,6,0,0,-1,2a
7002,30,1,1,-1,2a
7002,-3,0,0,-1,2a
7002,-10,0,1,-1,2a
7002,3,0,0,-1,2a
7002,-10,0,1,-1,2a
7002,10,0,0,-1,2a
7002,6,0,0,-1,2a
7002,-20,0,1,-1,2a
7002,0,0,0,-1,2a
7002,-6,0,1,-1,2a
7002,30,1,1,-1,2a
7002,-3,0,0,-1,2a
7002,20,1,1,-1,2a
7002,-30,0,1,-1,2a
7002,-30,0,1,1,2a
7002,-20,0,1,1,2a
7002,6,1,1,1,2a
7002,-10,1,0,1,2a
7002,3,1,0,1,2a
7002,10,1,1,1,2a
7002,0,1,1,1,2a
7002,30,1,1,1,2a
7002,-3,1,0,1,2a
7002,20,1,1,1,2a
7002,-6,1,0,1,2a
7002,0,0,0,-1,2a
7002,20,1,1,-1,2a
7002,10,1,1,-1,2a
7002,-3,0,0,-1,2a
7002,-20,0,1,-1,2a
7002,30,1,1,-1,2a
7002,-10,0,1,-1,2a
7002,-30,0,1,-1,2a
7002,6,1,1,-1,2a
7002,3,0,0,-1,2a
7002,-6,0,0,-1,2a
7002,-3,1,0,1,2a
7002,20,1,1,1,2a
7002,6,1,0,1,2a
7002,3,1,0,1,2a
7002,-20,0,1,1,2a
7002,10,1,1,1,2a
7002,-30,0,1,1,2a
7002,30,1,1,1,2a
7002,-6,1,0,1,2a
7002,0,1,0,1,2a
7002,-10,0,1,1,2a
9001,20,1,1,-1,2a
9001,0,0,0,-1,2a
9001,3,0,0,-1,2a
9001,-3,0,0,-1,2a
9001,10,0,0,-1,2a
9001,-30,0,1,-1,2a
9001,30,1,1,-1,2a
9001,-20,0,1,-1,2a
9001,-6,0,0,-1,2a
9001,-10,0,1,-1,2a
9001,6,0,0,-1,2a
9001,-6,1,0,1,2a
9001,6,1,0,1,2a
9001,0,1,0,1,2a
9001,3,1,0,1,2a
9001,-30,0,1,1,2a
9001,-3,1,0,1,2a
9001,-10,0,1,1,2a
9001,10,1,1,1,2a
9001,-20,0,1,1,2a
9001,30,1,1,1,2a
9001,20,1,0,1,2a
9001,-20,0,1,-1,2a
9001,-3,0,0,-1,2a
9001,6,0,0,-1,2a
9001,0,0,0,-1,2a
9001,30,1,1,-1,2a
9001,-6,0,0,-1,2a
9001,-30,0,1,-1,2a
9001,20,1,1,-1,2a
9001,3,0,0,-1,2a
9001,10,0,0,-1,2a
9001,-10,0,1,-1,2a
9001,6,1,0,1,2a
9001,-3,1,0,1,2a
9001,-6,1,0,1,2a
9001,3,1,0,1,2a
9001,-30,0,1,1,2a
9001,30,1,1,1,2a
9001,20,1,1,1,2a
9001,-20,0,1,1,2a
9001,0,1,0,1,2a
9001,-10,1,0,1,2a
9001,10,1,0,1,2a
9001,30,1,1,-1,2a
9001,-3,0,0,-1,2a
9001,0,0,0,-1,2a
9001,-20,0,1,-1,2a
9001,6,0,0,-1,2a
9001,20,1,1,-1,2a
9001,-30,0,1,-1,2a
9001,10,0,0,-1,2a
9001,-6,0,1,-1,2a
9001,-10,0,0,-1,2a
9001,3,0,0,-1,2a
9001,-3,1,0,1,2a
9001,-20,0,1,1,2a
9001,-30,0,1,1,2a
9001,6,1,0,1,2a
9001,20,1,1,1,2a
9001,-10,0,1,1,2a
9001,0,1,0,1,2a
9001,-6,1,0,1,2a
9001,10,1,1,1,2a
9001,3,1,0,1,2a
9001,30,1,1,1,2a
9001,3,0,0,-1,2a
9001,-6,0,1,-1,2a
9001,-10,0,0,-1,2a
9001,20,1,1,-1,2a
9001,-3,0,0,-1,2a
9001,30,1,1,-1,2a
9001,0,0,0,-1,2a
9001,-30,0,1,-1,2a
9001,10,1,1,-1,2a
9001,-20,0,1,-1,2a
9001,6,1,0,-1,2a
9001,-30,0,1,1,2a
9001,-10,0,1,1,2a
9001,0,1,0,1,2a
9001,10,1,0,1,2a
9001,-6,1,0,1,2a
9001,-20,0,1,1,2a
9001,-3,1,0,1,2a
9001,20,1,1,1,2a
9001,3,1,0,1,2a
9001,6,1,1,1,2a
9001,30,1,1,1,2a
9001,-10,0,0,-1,2a
9001,-30,0,1,-1,2a
9001,-3,0,0,-1,2a
9001,0,0,0,-1,2a
9001,6,0,0,-1,2a
9001,20,1,1,-1,2a
9001,3,0,0,-1,2a
9001,-20,0,1,-1,2a
9001,30,1,1,-1,2a
9001,-6,0,0,-1,2a
9001,10,1,1,-1,2a
9001,-20,0,1,1,2a
9001,30,1,1,1,2a
9001,-6,1,0,1,2a
9001,-10,0,1,1,2a
9001,20,1,1,1,2a
9001,-3,1,0,1,2a
9001,6,1,1,1,2a
9001,10,1,0,1,2a
9001,0,1,0,1,2a
9001,3,1,0,1,2a
9001,-30,0,1,1,2a
9001,20,1,1,-1,2b
9001,-30,0,1,-1,2b
9001,6,1,1,-1,2b
9001,-3,1,0,-1,2b
9001,-6,0,1,-1,2b
9001,10,1,1,-1,2b
9001,30,1,1,-1,2b
9001,-20,0,1,-1,2b
9001,3,1,0,-1,2b
9001,-10,0,1,-1,2b
9001,0,1,0,-1,2b
9001,10,0,0,1,2b
9001,-10,0,0,1,2b
9001,-6,0,0,1,2b
9001,-3,0,0,1,2b
9001,-30,0,1,1,2b
9001,3,0,0,1,2b
9001,30,1,1,1,2b
9001,0,0,0,1,2b
9001,20,1,1,1,2b
9001,6,0,0,1,2b
9001,-20,0,1,1,2b
9001,-20,0,1,1,2b
9001,6,0,0,1,2b
9001,-3,0,0,1,2b
9001,-6,0,0,1,2b
9001,-30,0,1,1,2b
9001,3,0,0,1,2b
9001,0,0,0,1,2b
9001,-10,0,0,1,2b
9001,10,0,0,1,2b
9001,20,1,1,1,2b
9001,30,1,1,1,2b
9001,3,1,0,-1,2b
9001,-30,0,1,-1,2b
9001,-10,1,0,-1,2b
9001,30,1,1,-1,2b
9001,0,1,0,-1,2b
9001,10,1,0,-1,2b
9001,-3,1,0,-1,2b
9001,20,1,1,-1,2b
9001,6,1,0,-1,2b
9001,-6,1,0,-1,2b
9001,-20,0,1,-1,2b
9001,-6,0,0,1,2b
9001,-20,0,1,1,2b
9001,6,0,0,1,2b
9001,0,0,0,1,2b
9001,-30,0,1,1,2b
9001,-3,0,0,1,2b
9001,10,0,0,1,2b
9001,-10,0,1,1,2b
9001,3,0,0,1,2b
9001,20,1,1,1,2b
9001,30,1,1,1,2b
9001,-10,0,1,-1,2b
9001,-3,1,0,-1,2b
9001,20,1,1,-1,2b
9001,3,1,0,-1,2b
9001,-6,1,0,-1,2b
9001,6,1,0,-1,2b
9001,10,1,1,-1,2b
9001,30,1,1,-1,2b
9001,-30,0,1,-1,2b
9001,0,1,0,-1,2b
9001,-20,0,1,-1,2b
9001,0,1,0,-1,2b
9001,30,1,1,-1,2b
9001,10,1,1,-1,2b
9001,-20,0,1,-1,2b
9001,-10,0,1,-1,2b
9001,20,1,1,-1,2b
9001,-3,1,0,-1,2b
9001,6,1,1,-1,2b
9001,-6,1,0,-1,2b
9001,-30,0,1,-1,2b
9001,3,1,0,-1,2b
9001,10,1,1,1,2b
9001,-10,0,0,1,2b
9001,20,1,1,1,2b
9001,-6,0,0,1,2b
9001,3,0,0,1,2b
9001,-3,0,0,1,2b
9001,-30,0,1,1,2b
9001,-20,0,1,1,2b
9001,6,1,1,1,2b
9001,0,0,0,1,2b
9001,30,1,1,1,2b
9001,-6,1,0,-1,2b
9001,-20,0,1,-1,2b
9001,30,1,1,-1,2b
9001,10,1,1,-1,2b
9001,20,1,1,-1,2b
9001,-3,1,0,-1,2b
9001,-10,0,1,-1,2b
9001,-30,0,1,-1,2b
9001,3,1,0,-1,2b
9001,0,1,0,-1,2b
9001,6,1,0,-1,2b
9001,-20,0,1,1,2b
9001,-10,0,0,1,2b
9001,30,0,0,1,2b
9001,6,0,0,1,2b
9001,-6,0,0,1,2b
9001,3,0,0,1,2b
9001,10,1,1,1,2b
9001,-3,0,0,1,2b
9001,20,1,1,1,2b
9001,-30,0,1,1,2b
9001,0,0,0,1,2b
7003,20,0,0,1,2b
7003,-10,0,1,1,2b
7003,3,1,1,1,2b
7003,10,1,1,1,2b
7003,-20,0,1,1,2b
7003,0,0,0,1,2b
7003,-6,0,1,1,2b
7003,30,1,1,1,2b
7003,-30,0,1,1,2b
7003,-3,0,1,1,2b
7003,6,1,1,1,2b
7003,30,1,1,-1,2b
7003,-30,0,0,-1,2b
7003,20,1,1,-1,2b
7003,-20,1,1,-1,2b
7003,-3,1,0,-1,2b
7003,0,1,1,-1,2b
7003,10,1,0,-1,2b
7003,6,1,1,-1,2b
7003,-10,0,1,-1,2b
7003,-6,0,1,-1,2b
7003,3,1,0,-1,2b
7003,-30,0,1,1,2b
7003,3,0,0,1,2b
7003,6,1,1,1,2b
7003,-3,0,1,1,2b
7003,30,1,1,1,2b
7003,10,1,1,1,2b
7003,-10,0,1,1,2b
7003,20,0,1,1,2b
7003,0,0,1,1,2b
7003,-6,0,1,1,2b
7003,-20,0,1,1,2b
7003,-30,0,1,-1,2b
7003,-6,0,1,-1,2b
7003,3,0,1,-1,2b
7003,0,1,0,-1,2b
7003,-3,1,1,-1,2b
7003,20,1,1,-1,2b
7003,10,0,1,-1,2b
7003,30,1,1,-1,2b
7003,6,0,1,-1,2b
7003,-20,0,1,-1,2b
7003,-10,1,0,-1,2b
7003,-3,1,1,-1,2b
7003,3,0,1,-1,2b
7003,6,1,1,-1,2b
7003,10,1,0,-1,2b
7003,0,1,0,-1,2b
7003,30,1,1,-1,2b
7003,-10,0,1,-1,2b
7003,20,1,1,-1,2b
7003,-20,0,1,-1,2b
7003,-30,0,1,-1,2b
7003,-6,1,0,-1,2b
7003,20,1,1,1,2b
7003,-6,0,0,1,2b
7003,10,1,1,1,2b
7003,0,0,1,1,2b
7003,6,1,1,1,2b
7003,-30,0,1,1,2b
7003,30,1,1,1,2b
7003,3,0,0,1,2b
7003,-20,0,1,1,2b
7003,-10,0,0,1,2b
7003,-3,1,1,1,2b
7003,-10,1,1,1,2b
7003,-20,0,1,1,2b
7003,-6,0,0,1,2b
7003,-3,1,1,1,2b
7003,30,1,1,1,2b
7003,20,1,1,1,2b
7003,6,1,1,1,2b
7003,0,1,1,1,2b
7003,3,1,1,1,2b
7003,10,0,0,1,2b
7003,-30,0,1,1,2b
7003,3,1,1,-1,2b
7003,20,1,1,-1,2b
7003,0,1,0,-1,2b
7003,6,1,1,-1,2b
7003,-10,1,0,-1,2b
7003,-20,0,1,-1,2b
7003,-3,1,0,-1,2b
7003,30,1,1,-1,2b
7003,10,0,1,-1,2b
7003,-6,0,1,-1,2b
7003,-30,0,1,-1,2b
7003,20,1,1,1,2b
7003,30,1,1,1,2b
7003,10,1,1,1,2b
7003,0,0,1,1,2b
7003,6,0,1,1,2b
7003,3,0,0,1,2b
7003,-20,0,1,1,2b
7003,-6,0,1,1,2b
7003,-10,0,1,1,2b
7003,-3,0,0,1,2b
7003,-30,0,1,1,2b
7003,10,1,1,-1,2b
7003,20,1,1,-1,2b
7003,3,0,1,-1,2b
7003,-10,0,1,-1,2b
7003,30,1,1,-1,2b
7003,-30,0,1,-1,2b
7003,-3,1,0,-1,2b
7003,6,1,1,-1,2b
7003,-6,0,1,-1,2b
7003,0,1,0,-1,2b
7003,-20,0,1,-1,2b
7004,-10,0,1,-1,2a
7004,0,0,1,-1,2a
7004,-30,0,1,-1,2a
7004,3,0,0,-1,2a
7004,-20,0,1,-1,2a
7004,6,1,1,-1,2a
7004,20,1,1,-1,2a
7004,-6,1,0,-1,2a
7004,-3,0,1,-1,2a
7004,30,1,1,-1,2a
7004,10,1,1,-1,2a
7004,0,0,1,1,2a
7004,30,1,1,1,2a
7004,-10,0,1,1,2a
7004,-3,0,1,1,2a
7004,10,1,1,1,2a
7004,20,1,1,1,2a
7004,-30,0,1,1,2a
7004,3,1,0,1,2a
7004,6,1,1,1,2a
7004,-6,0,1,1,2a
7004,-20,0,1,1,2a
7004,0,0,0,1,2a
7004,-10,0,1,1,2a
7004,-30,0,1,1,2a
7004,6,1,1,1,2a
7004,3,1,0,1,2a
7004,30,1,1,1,2a
7004,-20,0,1,1,2a
7004,-3,0,1,1,2a
7004,20,1,1,1,2a
7004,10,1,1,1,2a
7004,-6,0,1,1,2a
7004,20,1,1,-1,2a
7004,10,1,1,-1,2a
7004,-30,0,1,-1,2a
7004,-3,1,0,-1,2a
7004,-20,0,1,-1,2a
7004,3,1,1,-1,2a
7004,0,1,1,-1,2a
7004,30,1,1,-1,2a
7004,6,1,1,-1,2a
7004,-10,0,1,-1,2a
7004,-6,0,1,-1,2a
7004,30,1,1,-1,2a
7004,3,1,1,-1,2a
7004,-20,0,1,-1,2a
7004,-6,0,1,-1,2a
7004,20,1,1,-1,2a
7004,0,1,0,-1,2a
7004,10,1,1,-1,2a
7004,-10,0,1,-1,2a
7004,-3,0,0,-1,2a
7004,-30,0,1,-1,2a
7004,6,0,0,-1,2a
7004,20,1,1,1,2a
7004,6,1,1,1,2a
7004,-10,0,1,1,2a
7004,-3,0,1,1,2a
7004,0,0,1,1,2a
7004,3,0,0,1,2a
7004,30,1,1,1,2a
7004,-30,0,1,1,2a
7004,10,1,1,1,2a
7004,-20,0,1,1,2a
7004,-6,0,1,1,2a
7004,30,1,1,-1,2a
7004,-10,0,1,-1,2a
7004,10,1,1,-1,2a
7004,6,1,1,-1,2a
7004,-6,0,1,-1,2a
7004,3,1,1,-1,2a
7004,0,0,0,-1,2a
7004,20,1,1,-1,2a
7004,-30,0,1,-1,2a
7004,-20,0,1,-1,2a
7004,-3,0,0,-1,2a
7004,30,1,1,1,2a
7004,6,1,1,1,2a
7004,-10,0,1,1,2a
7004,10,1,1,1,2a
7004,3,1,1,1,2a
7004,0,0,0,1,2a
7004,-30,0,1,1,2a
7004,-20,0,1,1,2a
7004,-6,0,1,1,2a
7004,20,1,1,1,2a
7004,-3,0,1,1,2a
7004,20,1,1,-1,2a
7004,-20,0,1,-1,2a
7004,-10,0,1,-1,2a
7004,3,1,0,-1,2a
7004,0,0,0,-1,2a
7004,-3,0,1,-1,2a
7004,-30,0,1,-1,2a
7004,10,1,1,-1,2a
7004,-6,1,0,-1,2a
7004,6,1,1,-1,2a
7004,30,1,1,-1,2a
7004,10,1,1,1,2a
7004,-30,0,1,1,2a
7004,6,1,1,1,2a
7004,-20,0,1,1,2a
7004,-3,0,1,1,2a
7004,-10,0,1,1,2a
7004,30,1,1,1,2a
7004,20,1,1,1,2a
7004,3,1,1,1,2a
7004,-6,0,1,1,2a
7004,0,1,1,1,2a
7004,10,1,1,-1,2b
7004,-6,0,1,-1,2b
7004,20,1,1,-1,2b
7004,3,1,1,-1,2b
7004,0,1,0,-1,2b
7004,-20,0,1,-1,2b
7004,-10,0,1,-1,2b
7004,-30,0,1,-1,2b
7004,6,1,1,-1,2b
7004,-3,1,0,-1,2b
7004,30,1,1,-1,2b
7004,-30,0,1,1,2b
7004,0,0,0,1,2b
7004,-20,0,1,1,2b
7004,3,0,0,1,2b
7004,20,1,1,1,2b
7004,10,1,1,1,2b
7004,-6,0,1,1,2b
7004,-3,0,0,1,2b
7004,30,1,1,1,2b
7004,-10,0,1,1,2b
7004,6,1,1,1,2b
7004,-3,1,0,-1,2b
7004,-6,0,1,-1,2b
7004,3,1,1,-1,2b
7004,-20,0,1,-1,2b
7004,30,1,1,-1,2b
7004,20,1,1,-1,2b
7004,-30,0,1,-1,2b
7004,0,1,0,-1,2b
7004,-10,0,1,-1,2b
7004,10,1,1,-1,2b
7004,6,1,1,-1,2b
7004,-30,0,1,1,2b
7004,6,1,1,1,2b
7004,10,1,1,1,2b
7004,-10,0,1,1,2b
7004,0,0,0,1,2b
7004,-6,0,1,1,2b
7004,-3,0,0,1,2b
7004,30,1,1,1,2b
7004,20,1,1,1,2b
7004,-20,0,1,1,2b
7004,3,1,1,1,2b
7004,3,1,1,-1,2b
7004,-3,1,0,-1,2b
7004,6,1,1,-1,2b
7004,-10,0,1,-1,2b
7004,-6,0,1,-1,2b
7004,30,1,1,-1,2b
7004,-30,0,1,-1,2b
7004,10,1,1,-1,2b
7004,20,1,1,-1,2b
7004,0,1,0,-1,2b
7004,-20,0,1,-1,2b
7004,3,1,1,1,2b
7004,0,1,1,1,2b
7004,-10,0,1,1,2b
7004,-30,0,1,1,2b
7004,-3,0,1,1,2b
7004,-6,0,1,1,2b
7004,10,1,1,1,2b
7004,6,0,0,1,2b
7004,30,1,1,1,2b
7004,20,1,1,1,2b
7004,-20,0,1,1,2b
7004,0,0,1,-1,2b
7004,20,1,1,-1,2b
7004,-3,0,1,-1,2b
7004,10,1,1,-1,2b
7004,6,1,0,-1,2b
7004,-30,0,1,-1,2b
7004,-10,0,1,-1,2b
7004,3,1,0,-1,2b
7004,-6,0,1,-1,2b
7004,-20,0,1,-1,2b
7004,30,1,1,-1,2b
7004,-10,0,1,1,2b
7004,20,1,1,1,2b
7004,-20,0,1,1,2b
7004,-30,0,1,1,2b
7004,-3,0,1,1,2b
7004,0,0,1,1,2b
7004,6,0,0,1,2b
7004,3,1,1,1,2b
7004,30,1,1,1,2b
7004,-6,0,1,1,2b
7004,10,1,1,1,2b
7004,20,1,1,-1,2b
7004,-10,0,1,-1,2b
7004,30,1,1,-1,2b
7004,-6,1,0,-1,2b
7004,-30,0,1,-1,2b
7004,-20,0,1,-1,2b
7004,-3,1,0,-1,2b
7004,10,1,1,-1,2b
7004,3,1,1,-1,2b
7004,6,1,1,-1,2b
7004,0,1,0,-1,2b
7004,-10,0,1,1,2b
7004,10,1,1,1,2b
7004,20,1,1,1,2b
7004,-20,0,1,1,2b
7004,-30,0,1,1,2b
7004,-3,0,0,1,2b
7004,6,1,1,1,2b
7004,30,1,1,1,2b
7004,3,1,1,1,2b
7004,-6,0,1,1,2b
7004,0,1,1,1,2b
7005,-20,1,1,1,2b
7005,6,1,1,1,2b
7005,0,1,1,1,2b
7005,-3,0,1,1,2b
7005,20,0,1,1,2b
7005,-30,0,1,1,2b
7005,30,1,1,1,2b
7005,10,0,1,1,2b
7005,-6,1,1,1,2b
7005,-10,0,1,1,2b
7005,3,1,1,1,2b
7005,20,1,1,-1,2b
7005,-30,0,1,-1,2b
7005,-3,1,1,-1,2b
7005,-10,1,0,-1,2b
7005,3,1,0,-1,2b
7005,10,0,1,-1,2b
7005,-20,0,1,-1,2b
7005,0,1,0,-1,2b
7005,30,1,1,-1,2b
7005,-6,1,0,-1,2b
7005,6,1,0,-1,2b
7005,30,1,1,1,2b
7005,0,0,1,1,2b
7005,-10,0,1,1,2b
7005,6,0,1,1,2b
7005,3,0,0,1,2b
7005,-3,1,0,1,2b
7005,-6,0,1,1,2b
7005,-20,0,1,1,2b
7005,10,0,0,1,2b
7005,-30,0,1,1,2b
7005,20,1,1,1,2b
7005,-6,1,1,-1,2b
7005,6,1,0,-1,2b
7005,0,1,0,-1,2b
7005,-10,1,0,-1,2b
7005,-3,1,1,-1,2b
7005,20,1,1,-1,2b
7005,30,1,1,-1,2b
7005,10,1,1,-1,2b
7005,-30,0,1,-1,2b
7005,-20,1,0,-1,2b
7005,3,1,1,-1,2b
7005,0,1,1,1,2b
7005,-6,0,1,1,2b
7005,-10,0,1,1,2b
7005,30,1,1,1,2b
7005,-20,0,1,1,2b
7005,20,1,1,1,2b
7005,3,0,0,1,2b
7005,6,1,1,1,2b
7005,-30,0,0,1,2b
7005,-3,0,1,1,2b
7005,10,1,0,1,2b
7005,3,0,1,-1,2b
7005,0,0,1,-1,2b
7005,-6,0,1,-1,2b
7005,-20,0,1,-1,2b
7005,-10,0,1,-1,2b
7005,-3,0,1,-1,2b
7005,-30,0,1,-1,2b
7005,30,1,1,-1,2b
7005,6,1,1,-1,2b
7005,10,1,0,-1,2b
7005,20,1,0,-1,2b
7005,-30,0,1,-1,2b
7005,-10,0,1,-1,2b
7005,6,1,0,-1,2b
7005,-3,1,0,-1,2b
7005,-20,0,0,-1,2b
7005,0,1,0,-1,2b
7005,30,1,1,-1,2b
7005,-6,1,1,-1,2b
7005,3,1,0,-1,2b
7005,20,1,1,-1,2b
7005,10,1,1,-1,2b
7005,-20,0,1,1,2b
7005,20,0,0,1,2b
7005,6,0,1,1,2b
7005,-3,0,0,1,2b
7005,10,0,1,1,2b
7005,-6,1,1,1,2b
7005,-30,0,1,1,2b
7005,3,0,0,1,2b
7005,0,0,0,1,2b
7005,-10,0,1,1,2b
7005,30,1,1,1,2b
7005,-30,0,1,1,2b
7005,10,1,1,1,2b
7005,-3,0,0,1,2b
7005,20,1,1,1,2b
7005,6,1,1,1,2b
7005,30,1,1,1,2b
7005,3,0,0,1,2b
7005,-10,0,0,1,2b
7005,-20,0,1,1,2b
7005,0,0,0,1,2b
7005,-6,0,1,1,2b
7005,-30,0,1,-1,2b
7005,10,0,1,-1,2b
7005,0,1,0,-1,2b
7005,6,1,0,-1,2b
7005,30,1,1,-1,2b
7005,20,1,1,-1,2b
7005,3,1,0,-1,2b
7005,-10,0,0,-1,2b
7005,-6,1,0,-1,2b
7005,-20,0,1,-1,2b
7005,-3,1,0,-1,2b
7005,-3,1,0,1,2a
7005,-10,1,0,1,2a
7005,0,1,0,1,2a
7005,3,0,1,1,2a
7005,-30,0,1,1,2a
7005,6,1,1,1,2a
7005,-6,1,0,1,2a
7005,-20,0,1,1,2a
7005,30,1,1,1,2a
7005,20,1,1,1,2a
7005,10,1,1,1,2a
7005,-30,0,1,-1,2a
7005,-3,0,0,-1,2a
7005,20,1,1,-1,2a
7005,-10,0,0,-1,2a
7005,-20,0,1,-1,2a
7005,0,0,0,-1,2a
7005,-6,0,0,-1,2a
7005,30,1,1,-1,2a
7005,10,1,1,-1,2a
7005,3,1,1,-1,2a
7005,6,0,0,-1,2a
7005,-30,0,0,-1,2a
7005,30,1,1,-1,2a
7005,-6,0,0,-1,2a
7005,10,0,0,-1,2a
7005,20,1,1,-1,2a
7005,6,0,0,-1,2a
7005,-3,0,0,-1,2a
7005,-10,0,0,-1,2a
7005,3,0,0,-1,2a
7005,0,0,0,-1,2a
7005,-20,0,1,-1,2a
7005,6,1,0,1,2a
7005,0,1,0,1,2a
7005,30,1,1,1,2a
7005,10,1,0,1,2a
7005,3,1,0,1,2a
7005,-3,1,0,1,2a
7005,-10,1,0,1,2a
7005,20,1,1,1,2a
7005,-30,0,1,1,2a
7005,-6,0,0,1,2a
7005,-20,0,1,1,2a
7005,-3,1,0,-1,2a
7005,10,1,0,-1,2a
7005,20,1,0,-1,2a
7005,6,1,0,-1,2a
7005,0,1,0,-1,2a
7005,-30,0,1,-1,2a
7005,3,1,0,-1,2a
7005,-6,0,0,-1,2a
7005,-10,0,0,-1,2a
7005,30,1,0,-1,2a
7005,-20,1,0,-1,2a
7005,-3,1,0,1,2a
7005,10,1,1,1,2a
7005,-30,0,1,1,2a
7005,-10,0,1,1,2a
7005,20,1,1,1,2a
7005,6,1,0,1,2a
7005,-6,0,0,1,2a
7005,0,0,0,1,2a
7005,-20,0,1,1,2a
7005,3,0,0,1,2a
7005,30,1,1,1,2a
7005,3,0,0,-1,2a
7005,-3,1,1,-1,2a
7005,0,0,0,-1,2a
7005,6,0,0,-1,2a
7005,10,0,0,-1,2a
7005,20,1,1,-1,2a
7005,-6,1,0,-1,2a
7005,-20,0,0,-1,2a
7005,-30,0,1,-1,2a
7005,30,1,0,-1,2a
7005,-10,0,0,-1,2a
7005,-6,0,1,1,2a
7005,3,1,1,1,2a
7005,0,1,0,1,2a
7005,10,1,1,1,2a
7005,6,1,0,1,2a
7005,30,1,1,1,2a
7005,-3,1,0,1,2a
7005,-10,0,1,1,2a
7005,-30,0,1,1,2a
7005,-20,0,1,1,2a
7005,20,1,1,1,2a
7005,3,0,0,-1,2a
7005,-20,0,1,-1,2a
7005,6,1,1,-1,2a
7005,-6,0,0,-1,2a
7005,20,0,0,-1,2a
7005,-30,0,1,-1,2a
7005,-10,0,1,-1,2a
7005,0,0,0,-1,2a
7005,30,1,1,-1,2a
7005,-3,1,1,-1,2a
7005,10,1,1,-1,2a
7005,0,1,0,1,2a
7005,-6,1,0,1,2a
7005,-30,0,0,1,2a
7005,30,1,1,1,2a
7005,-3,0,1,1,2a
7005,3,0,1,1,2a
7005,-10,1,0,1,2a
7005,-20,0,1,1,2a
7005,20,1,1,1,2a
7005,10,1,0,1,2a
7005,6,1,0,1,2a
7003,10,1,1,1,2a
7003,20,1,1,1,2a
7003,-10,0,1,1,2a
7003,30,1,1,1,2a
7003,-20,0,1,1,2a
7003,0,1,0,1,2a
7003,6,1,0,1,2a
7003,3,1,0,1,2a
7003,-30,0,1,1,2a
7003,-3,1,0,1,2a
7003,-6,0,1,1,2a
7003,-20,0,1,-1,2a
7003,0,0,0,-1,2a
7003,-6,0,1,-1,2a
7003,3,0,0,-1,2a
7003,-3,0,1,-1,2a
7003,20,1,1,-1,2a
7003,6,1,1,-1,2a
7003,-10,0,1,-1,2a
7003,30,1,1,-1,2a
7003,10,1,1,-1,2a
7003,-30,0,1,-1,2a
7003,6,0,0,-1,2a
7003,-6,0,0,-1,2a
7003,-20,0,1,-1,2a
7003,20,1,1,-1,2a
7003,30,1,1,-1,2a
7003,0,1,1,-1,2a
7003,3,1,1,-1,2a
7003,10,1,1,-1,2a
7003,-10,0,1,-1,2a
7003,-3,0,0,-1,2a
7003,-30,0,1,-1,2a
7003,-10,0,1,1,2a
7003,6,1,1,1,2a
7003,3,1,1,1,2a
7003,-30,0,1,1,2a
7003,-3,0,0,1,2a
7003,20,1,1,1,2a
7003,10,1,1,1,2a
7003,0,1,0,1,2a
7003,-20,0,1,1,2a
7003,30,1,1,1,2a
7003,-6,0,1,1,2a
7003,20,1,1,-1,2a
7003,0,1,1,-1,2a
7003,-3,1,1,-1,2a
7003,-6,0,1,-1,2a
7003,-30,0,1,-1,2a
7003,3,1,0,-1,2a
7003,10,0,1,-1,2a
7003,6,1,1,-1,2a
7003,-10,0,1,-1,2a
7003,30,1,1,-1,2a
7003,-20,0,1,-1,2a
7003,20,1,1,1,2a
7003,10,1,1,1,2a
7003,-30,0,1,1,2a
7003,-10,0,1,1,2a
7003,-3,1,0,1,2a
7003,6,1,1,1,2a
7003,0,1,0,1,2a
7003,30,1,1,1,2a
7003,3,1,1,1,2a
7003,-6,0,1,1,2a
7003,-20,0,1,1,2a
7003,-6,0,1,-1,2a
7003,3,1,1,-1,2a
7003,6,1,1,-1,2a
7003,10,1,1,-1,2a
7003,0,0,1,-1,2a
7003,-3,0,0,-1,2a
7003,-20,0,1,-1,2a
7003,20,1,1,-1,2a
7003,-30,0,1,-1,2a
7003,30,1,1,-1,2a
7003,-10,0,1,-1,2a
7003,6,1,0,1,2a
7003,-10,0,0,1,2a
7003,-3,1,1,1,2a
7003,0,1,1,1,2a
7003,-6,0,1,1,2a
7003,20,1,1,1,2a
7003,10,0,1,1,2a
7003,-20,0,1,1,2a
7003,-30,0,1,1,2a
7003,3,1,1,1,2a
7003,30,1,1,1,2a
7003,3,1,1,-1,2a
7003,-3,0,1,-1,2a
7003,-30,0,1,-1,2a
7003,0,0,0,-1,2a
7003,30,1,1,-1,2a
7003,6,1,1,-1,2a
7003,10,1,1,-1,2a
7003,20,1,1,-1,2a
7003,-6,0,1,-1,2a
7003,-10,0,0,-1,2a
7003,-20,0,1,-1,2a
7003,-6,0,1,1,2a
7003,-10,1,0,1,2a
7003,-30,0,1,1,2a
7003,10,1,0,1,2a
7003,-3,1,1,1,2a
7003,3,1,1,1,2a
7003,30,1,1,1,2a
7003,-20,0,1,1,2a
7003,0,1,1,1,2a
7003,20,1,1,1,2a
7003,6,1,1,1,2a
7006,0,1,0,1,2a
7006,-6,0,0,1,2a
7006,10,1,1,1,2a
7006,-20,0,1,1,2a
7006,-30,0,1,1,2a
7006,20,1,1,1,2a
7006,3,1,0,1,2a
7006,-3,0,0,1,2a
7006,30,1,1,1,2a
7006,-10,0,0,1,2a
7006,6,1,0,1,2a
7006,-6,0,0,-1,2a
7006,30,1,1,-1,2a
7006,3,0,0,-1,2a
7006,6,1,1,-1,2a
7006,-30,0,1,-1,2a
7006,-10,0,1,-1,2a
7006,10,1,0,-1,2a
7006,20,1,1,-1,2a
7006,-3,0,0,-1,2a
7006,0,1,0,-1,2a
7006,-20,0,1,-1,2a
7006,-6,0,0,1,2a
7006,-3,1,0,1,2a
7006,20,1,1,1,2a
7006,6,1,0,1,2a
7006,-20,0,1,1,2a
7006,0,1,0,1,2a
7006,10,1,0,1,2a
7006,-10,1,0,1,2a
7006,30,1,1,1,2a
7006,3,1,0,1,2a
7006,-30,0,1,1,2a
7006,6,1,1,-1,2a
7006,-3,0,0,-1,2a
7006,30,1,1,-1,2a
7006,-10,0,1,-1,2a
7006,-20,0,1,-1,2a
7006,3,0,0,-1,2a
7006,-6,0,0,-1,2a
7006,-30,0,1,-1,2a
7006,0,0,0,-1,2a
7006,10,1,1,-1,2a
7006,20,1,1,-1,2a
7006,-6,0,0,-1,2a
7006,20,1,1,-1,2a
7006,-20,0,1,-1,2a
7006,0,0,0,-1,2a
7006,-3,0,0,-1,2a
7006,-10,0,1,-1,2a
7006,3,0,0,-1,2a
7006,6,0,0,-1,2a
7006,10,1,0,-1,2a
7006,30,1,1,-1,2a
7006,-30,0,1,-1,2a
7006,3,1,0,1,2a
7006,6,1,0,1,2a
7006,-3,1,0,1,2a
7006,-30,0,0,1,2a
7006,20,1,1,1,2a
7006,30,1,1,1,2a
7006,-20,0,1,1,2a
7006,-10,0,0,1,2a
7006,0,1,0,1,2a
7006,10,1,1,1,2a
7006,-6,1,0,1,2a
7006,10,1,1,-1,2a
7006,-6,0,1,-1,2a
7006,20,1,1,-1,2a
7006,-10,0,0,-1,2a
7006,-3,0,0,-1,2a
7006,-30,0,1,-1,2a
7006,6,0,0,-1,2a
7006,-20,0,1,-1,2a
7006,0,0,0,-1,2a
7006,3,0,0,-1,2a
7006,30,1,1,-1,2a
7006,30,1,1,1,2a
7006,-6,0,0,1,2a
7006,20,1,1,1,2a
7006,0,1,0,1,2a
7006,-20,0,0,1,2a
7006,6,1,0,1,2a
7006,-30,0,1,1,2a
7006,3,1,0,1,2a
7006,-3,1,0,1,2a
7006,-10,0,0,1,2a
7006,10,1,1,1,2a
7006,0,0,0,-1,2a
7006,-30,0,1,-1,2a
7006,-20,0,1,-1,2a
7006,6,0,0,-1,2a
7006,3,0,0,-1,2a
7006,10,1,1,-1,2a
7006,-6,0,1,-1,2a
7006,-3,0,0,-1,2a
7006,30,1,1,-1,2a
7006,20,0,1,-1,2a
7006,-10,0,0,-1,2a
7006,6,1,0,1,2a
7006,-10,0,0,1,2a
7006,20,1,0,1,2a
7006,0,1,0,1,2a
7006,-30,0,1,1,2a
7006,30,1,1,1,2a
7006,3,1,0,1,2a
7006,-3,1,0,1,2a
7006,-6,1,0,1,2a
7006,-20,0,1,1,2a
7006,10,1,0,1,2a
7006,-20,0,1,-1,2b
7006,30,0,1,-1,2b
7006,-10,1,0,-1,2b
7006,0,1,0,-1,2b
7006,-3,1,0,-1,2b
7006,20,0,1,-1,2b
7006,-6,1,0,-1,2b
7006,6,1,0,-1,2b
7006,10,1,0,-1,2b
7006,3,1,0,-1,2b
7006,-30,0,1,-1,2b
7006,-30,0,1,1,2b
7006,-3,0,0,1,2b
7006,6,0,0,1,2b
7006,-10,0,0,1,2b
7006,3,0,0,1,2b
7006,20,1,1,1,2b
7006,0,0,0,1,2b
7006,30,1,1,1,2b
7006,-20,0,1,1,2b
7006,10,0,0,1,2b
7006,-6,0,0,1,2b
7006,0,0,0,1,2b
7006,-6,0,0,1,2b
7006,10,1,1,1,2b
7006,30,1,1,1,2b
7006,-20,0,1,1,2b
7006,-30,0,1,1,2b
7006,-10,1,0,1,2b
7006,3,0,0,1,2b
7006,6,0,0,1,2b
7006,-3,0,0,1,2b
7006,20,1,1,1,2b
7006,6,1,1,-1,2b
7006,-20,0,1,-1,2b
7006,10,1,0,-1,2b
7006,0,1,0,-1,2b
7006,30,0,1,-1,2b
7006,-10,0,1,-1,2b
7006,-30,0,1,-1,2b
7006,-6,0,0,-1,2b
7006,-3,1,0,-1,2b
7006,20,0,1,-1,2b
7006,3,1,0,-1,2b
7006,3,0,0,1,2b
7006,-20,1,1,1,2b
7006,-6,0,0,1,2b
7006,10,1,0,1,2b
7006,-30,0,1,1,2b
7006,-3,0,0,1,2b
7006,6,0,0,1,2b
7006,30,1,1,1,2b
7006,20,1,1,1,2b
7006,0,0,0,1,2b
7006,-10,0,1,1,2b
7006,3,1,0,-1,2b
7006,10,1,0,-1,2b
7006,-20,0,1,-1,2b
7006,30,1,1,-1,2b
7006,-10,0,0,-1,2b
7006,0,1,0,-1,2b
7006,-6,0,0,-1,2b
7006,-30,0,1,-1,2b
7006,20,1,1,-1,2b
7006,-3,1,0,-1,2b
7006,6,1,0,-1,2b
7006,6,1,0,-1,2b
7006,20,1,0,-1,2b
7006,0,1,0,-1,2b
7006,3,1,0,-1,2b
7006,-10,1,0,-1,2b
7006,-3,1,0,-1,2b
7006,30,1,1,-1,2b
7006,10,1,0,-1,2b
7006,-30,0,1,-1,2b
7006,-6,1,0,-1,2b
7006,-20,0,1,-1,2b
7006,10,0,0,1,2b
7006,-20,0,1,1,2b
7006,30,1,1,1,2b
7006,-10,0,0,1,2b
7006,20,0,0,1,2b
7006,6,0,0,1,2b
7006,-3,0,0,1,2b
7006,-30,0,0,1,2b
7006,0,0,0,1,2b
7006,-6,0,0,1,2b
7006,3,0,0,1,2b
7006,-20,0,0,1,2b
7006,20,1,1,1,2b
7006,30,1,1,1,2b
7006,3,0,0,1,2b
7006,0,0,0,1,2b
7006,10,1,1,1,2b
7006,-30,0,1,1,2b
7006,-10,0,0,1,2b
7006,-3,0,0,1,2b
7006,-6,0,0,1,2b
7006,6,0,0,1,2b
7006,0,1,0,-1,2b
7006,-3,1,0,-1,2b
7006,-10,1,0,-1,2b
7006,10,1,0,-1,2b
7006,20,1,1,-1,2b
7006,3,1,0,-1,2b
7006,-30,0,1,-1,2b
7006,-6,1,0,-1,2b
7006,-20,0,1,-1,2b
7006,30,1,1,-1,2b
7006,6,1,0,-1,2b
7007,6,1,1,-1,2a
7007,-30,0,1,-1,2a
7007,-6,1,1,-1,2a
7007,-20,1,0,-1,2a
7007,0,1,1,-1,2a
7007,20,1,1,-1,2a
7007,30,0,0,-1,2a
7007,-10,1,0,-1,2a
7007,10,1,1,-1,2a
7007,3,0,0,-1,2a
7007,-3,1,0,-1,2a
7007,-6,0,0,1,2a
7007,6,1,0,1,2a
7007,10,0,0,1,2a
7007,-10,1,0,1,2a
7007,-20,1,0,1,2a
7007,20,1,0,1,2a
7007,0,0,0,1,2a
7007,-3,1,0,1,2a
7007,-30,0,1,1,2a
7007,3,1,0,1,2a
7007,30,1,1,1,2a
7007,-6,1,0,1,2a
7007,20,1,1,1,2a
7007,10,1,1,1,2a
7007,30,1,1,1,2a
7007,3,1,1,1,2a
7007,0,1,0,1,2a
7007,-30,0,1,1,2a
7007,-10,0,1,1,2a
7007,-20,0,1,1,2a
7007,-3,0,0,1,2a
7007,6,1,0,1,2a
7007,20,1,1,-1,2a
7007,-20,0,1,-1,2a
7007,-30,0,0,-1,2a
7007,3,0,1,-1,2a
7007,6,0,0,-1,2a
7007,-3,0,0,-1,2a
7007,-6,0,0,-1,2a
7007,30,1,1,-1,2a
7007,-10,0,0,-1,2a
7007,10,1,0,-1,2a
7007,0,0,0,-1,2a
7007,-3,0,0,-1,2a
7007,10,1,0,-1,2a
7007,-20,0,1,-1,2a
7007,-10,0,0,-1,2a
7007,0,0,0,-1,2a
7007,20,1,0,-1,2a
7007,3,0,0,-1,2a
7007,30,1,1,-1,2a
7007,6,1,1,-1,2a
7007,-6,1,1,-1,2a
7007,-30,0,1,-1,2a
7007,3,1,1,1,2a
7007,0,1,1,1,2a
7007,10,1,1,1,2a
7007,30,1,1,1,2a
7007,20,1,1,1,2a
7007,6,1,0,1,2a
7007,-6,1,0,1,2a
7007,-20,0,1,1,2a
7007,-10,0,1,1,2a
7007,-3,1,0,1,2a
7007,-30,0,1,1,2a
7007,20,1,1,1,2a
7007,-10,0,0,1,2a
7007,30,1,1,1,2a
7007,10,1,1,1,2a
7007,0,1,0,1,2a
7007,3,1,0,1,2a
7007,-20,0,1,1,2a
7007,-6,1,0,1,2a
7007,6,1,0,1,2a
7007,-30,0,1,1,2a
7007,-3,1,0,1,2a
7007,3,0,0,-1,2a
7007,10,1,0,-1,2a
7007,-10,0,0,-1,2a
7007,-6,0,0,-1,2a
7007,-30,0,1,-1,2a
7007,0,0,0,-1,2a
7007,-20,0,1,-1,2a
7007,-3,0,0,-1,2a
7007,30,1,1,-1,2a
7007,20,1,1,-1,2a
7007,6,1,0,-1,2a
7007,30,1,1,1,2a
7007,10,1,1,1,2a
7007,0,1,0,1,2a
7007,3,1,0,1,2a
7007,-30,0,1,1,2a
7007,-20,0,1,1,2a
7007,6,1,0,1,2a
7007,-3,1,1,1,2a
7007,-6,1,1,1,2a
7007,-10,1,1,1,2a
7007,20,1,1,1,2a
7007,3,0,1,-1,2a
7007,-20,0,1,-1,2a
7007,30,1,1,-1,2a
7007,-30,0,1,-1,2a
7007,-10,0,0,-1,2a
7007,-3,0,0,-1,2a
7007,-6,0,0,-1,2a
7007,20,1,1,-1,2a
7007,6,0,0,-1,2a
7007,10,0,0,-1,2a
7007,0,0,0,-1,2a
7007,3,1,0,1,2b
7007,6,1,0,1,2b
7007,10,1,1,1,2b
7007,0,1,0,1,2b
7007,20,1,1,1,2b
7007,-30,0,1,1,2b
7007,-6,0,0,1,2b
7007,-3,0,0,1,2b
7007,30,1,1,1,2b
7007,-20,0,1,1,2b
7007,-10,0,1,1,2b
7007,-3,1,0,-1,2b
7007,-20,0,1,-1,2b
7007,30,1,1,-1,2b
7007,-6,1,1,-1,2b
7007,-10,0,0,-1,2b
7007,0,0,0,-1,2b
7007,3,1,0,-1,2b
7007,10,1,0,-1,2b
7007,6,1,0,-1,2b
7007,20,1,1,-1,2b
7007,-30,0,1,-1,2b
7007,6,0,0,1,2b
7007,-20,0,1,1,2b
7007,10,1,0,1,2b
7007,-30,0,1,1,2b
7007,20,1,1,1,2b
7007,-3,1,0,1,2b
7007,0,1,0,1,2b
7007,-6,0,1,1,2b
7007,30,1,1,1,2b
7007,-10,0,0,1,2b
7007,3,0,0,1,2b
7007,10,1,0,-1,2b
7007,30,1,0,-1,2b
7007,6,0,0,-1,2b
7007,-6,0,0,-1,2b
7007,-20,0,1,-1,2b
7007,0,1,0,-1,2b
7007,-3,1,0,-1,2b
7007,-30,0,1,-1,2b
7007,-10,0,0,-1,2b
7007,20,1,1,-1,2b
7007,3,1,0,-1,2b
7007,-6,1,0,-1,2b
7007,10,1,1,-1,2b
7007,30,1,1,-1,2b
7007,-3,0,1,-1,2b
7007,-20,0,1,-1,2b
7007,-10,0,1,-1,2b
7007,-30,0,1,-1,2b
7007,0,0,0,-1,2b
7007,20,1,1,-1,2b
7007,3,1,0,-1,2b
7007,6,1,0,-1,2b
7007,20,1,1,1,2b
7007,-6,0,0,1,2b
7007,10,1,0,1,2b
7007,-3,1,0,1,2b
7007,-10,1,0,1,2b
7007,3,1,0,1,2b
7007,6,0,0,1,2b
7007,-20,0,1,1,2b
7007,30,1,1,1,2b
7007,0,0,0,1,2b
7007,-30,0,1,1,2b
7007,3,1,0,1,2b
7007,-20,0,1,1,2b
7007,30,1,1,1,2b
7007,20,1,1,1,2b
7007,-10,0,1,1,2b
7007,-3,0,0,1,2b
7007,6,0,0,1,2b
7007,-30,0,1,1,2b
7007,0,0,0,1,2b
7007,10,1,0,1,2b
7007,-6,0,0,1,2b
7007,-20,0,1,-1,2b
7007,6,1,0,-1,2b
7007,3,1,0,-1,2b
7007,-30,0,1,-1,2b
7007,30,1,1,-1,2b
7007,20,1,1,-1,2b
7007,0,1,1,-1,2b
7007,-10,0,1,-1,2b
7007,-6,1,0,-1,2b
7007,-3,1,0,-1,2b
7007,10,1,0,-1,2b
7007,10,1,0,1,2b
7007,-20,0,1,1,2b
7007,-3,0,0,1,2b
7007,6,1,0,1,2b
7007,20,1,1,1,2b
7007,3,0,0,1,2b
7007,-6,0,0,1,2b
7007,-30,0,1,1,2b
7007,-10,0,0,1,2b
7007,30,1,1,1,2b
7007,0,0,0,1,2b
7007,0,1,0,-1,2b
7007,20,1,1,-1,2b
7007,-30,0,1,-1,2b
7007,3,1,0,-1,2b
7007,-20,1,0,-1,2b
7007,10,1,0,-1,2b
7007,-3,1,0,-1,2b
7007,-6,1,0,-1,2b
7007,6,1,0,-1,2b
7007,30,1,1,-1,2b
7007,-10,1,0,-1,2b
7008,3,1,0,-1,2b
7008,-10,0,1,-1,2b
7008,-6,1,0,-1,2b
7008,10,1,0,-1,2b
7008,6,0,1,-1,2b
7008,30,1,0,-1,2b
7008,-3,1,0,-1,2b
7008,-20,1,1,-1,2b
7008,20,1,1,-1,2b
7008,0,0,1,-1,2b
7008,-30,0,1,-1,2b
7008,3,0,1,1,2b
7008,-10,0,1,1,2b
7008,-30,0,0,1,2b
7008,6,1,1,1,2b
7008,-6,0,0,1,2b
7008,20,0,1,1,2b
7008,-20,1,1,1,2b
7008,0,0,1,1,2b
7008,-3,0,1,1,2b
7008,10,0,0,1,2b
7008,30,1,1,1,2b
7008,-10,1,1,-1,2b
7008,20,1,1,-1,2b
7008,3,1,1,-1,2b
7008,-3,1,0,-1,2b
7008,6,0,1,-1,2b
7008,30,1,0,-1,2b
7008,-6,1,1,-1,2b
7008,-30,1,1,-1,2b
7008,10,1,0,-1,2b
7008,0,0,1,-1,2b
7008,-20,0,1,-1,2b
7008,-6,1,0,1,2b
7008,-10,0,1,1,2b
7008,-3,0,1,1,2b
7008,0,1,1,1,2b
7008,6,0,0,1,2b
7008,-30,0,1,1,2b
7008,-20,0,1,1,2b
7008,20,1,1,1,2b
7008,30,1,1,1,2b
7008,10,0,0,1,2b
7008,3,0,1,1,2b
7008,-30,0,1,1,2b
7008,-3,0,1,1,2b
7008,3,0,0,1,2b
7008,6,0,1,1,2b
7008,-6,1,1,1,2b
7008,-10,0,0,1,2b
7008,20,1,1,1,2b
7008,-20,0,1,1,2b
7008,10,1,1,1,2b
7008,30,1,1,1,2b
7008,0,0,0,1,2b
7008,0,0,1,-1,2b
7008,10,1,1,-1,2b
7008,-30,0,1,-1,2b
7008,-6,1,0,-1,2b
7008,3,1,1,-1,2b
7008,30,0,1,-1,2b
7008,20,1,1,-1,2b
7008,-20,0,1,-1,2b
7008,-3,1,0,-1,2b
7008,-10,1,1,-1,2b
7008,6,1,0,-1,2b
7008,0,1,1,1,2b
7008,-3,0,0,1,2b
7008,30,0,1,1,2b
7008,-6,1,1,1,2b
7008,-20,0,0,1,2b
7008,10,0,1,1,2b
7008,3,1,1,1,2b
7008,-10,0,1,1,2b
7008,-30,0,1,1,2b
7008,20,1,1,1,2b
7008,6,1,1,1,2b
7008,30,1,1,-1,2b
7008,-6,0,1,-1,2b
7008,-10,1,1,-1,2b
7008,20,0,1,-1,2b
7008,10,1,0,-1,2b
7008,-20,0,1,-1,2b
7008,-3,1,1,-1,2b
7008,3,1,1,-1,2b
7008,0,0,1,-1,2b
7008,-30,1,1,-1,2b
7008,6,1,0,-1,2b
7008,-10,1,1,-1,2b
7008,0,1,1,-1,2b
7008,30,1,1,-1,2b
7008,-6,0,1,-1,2b
7008,-30,0,1,-1,2b
7008,20,1,1,-1,2b
7008,10,1,0,-1,2b
7008,6,0,1,-1,2b
7008,-3,1,1,-1,2b
7008,3,1,1,-1,2b
7008,-20,0,1,-1,2b
7008,-3,0,1,1,2b
7008,-20,0,1,1,2b
7008,-30,0,1,1,2b
7008,0,1,1,1,2b
7008,3,1,1,1,2b
7008,20,1,1,1,2b
7008,30,1,1,1,2b
7008,10,1,1,1,2b
7008,6,0,1,1,2b
7008,-10,0,1,1,2b
7008,-6,1,1,1,2b
7008,0,0,1,-1,2a
7008,20,1,1,-1,2a
7008,-20,0,1,-1,2a
7008,10,1,1,-1,2a
7008,-30,0,1,-1,2a
7008,6,1,1,-1,2a
7008,3,0,1,-1,2a
7008,30,0,1,-1,2a
7008,-10,0,0,-1,2a
7008,-6,0,1,-1,2a
7008,-3,0,1,-1,2a
7008,0,1,1,1,2a
7008,-6,0,1,1,2a
7008,-20,0,1,1,2a
7008,-30,1,1,1,2a
7008,3,1,1,1,2a
7008,-10,1,1,1,2a
7008,30,1,1,1,2a
7008,-3,0,1,1,2a
7008,6,1,0,1,2a
7008,20,1,0,1,2a
7008,10,0,1,1,2a
7008,-30,1,1,-1,2a
7008,30,1,1,-1,2a
7008,-3,0,1,-1,2a
7008,0,1,1,-1,2a
7008,-10,0,0,-1,2a
7008,3,0,1,-1,2a
7008,-20,1,1,-1,2a
7008,20,0,1,-1,2a
7008,6,1,1,-1,2a
7008,-6,1,1,-1,2a
7008,10,0,1,-1,2a
7008,10,1,0,1,2a
7008,-6,0,1,1,2a
7008,20,1,1,1,2a
7008,-30,0,1,1,2a
7008,30,1,1,1,2a
7008,6,0,1,1,2a
7008,0,1,0,1,2a
7008,-3,1,1,1,2a
7008,-10,0,1,1,2a
7008,-20,0,1,1,2a
7008,3,1,1,1,2a
7008,10,1,1,-1,2a
7008,6,0,0,-1,2a
7008,-3,1,1,-1,2a
7008,3,0,1,-1,2a
7008,-10,1,1,-1,2a
7008,30,1,1,-1,2a
7008,-6,0,1,-1,2a
7008,20,1,1,-1,2a
7008,0,0,0,-1,2a
7008,-30,1,1,-1,2a
7008,-20,0,1,-1,2a
7008,-30,0,1,1,2a
7008,-6,1,1,1,2a
7008,10,1,1,1,2a
7008,6,1,1,1,2a
7008,30,0,1,1,2a
7008,-10,1,1,1,2a
7008,-20,0,1,1,2a
7008,3,1,1,1,2a
7008,-3,1,1,1,2a
7008,0,1,0,1,2a
7008,20,1,1,1,2a
7008,-10,1,1,-1,2a
7008,-3,0,1,-1,2a
7008,10,0,0,-1,2a
7008,0,1,1,-1,2a
7008,30,0,1,-1,2a
7008,6,1,1,-1,2a
7008,-20,0,1,-1,2a
7008,-6,0,1,-1,2a
7008,20,1,1,-1,2a
7008,-30,1,1,-1,2a
7008,3,0,1,-1,2a
7008,-6,0,1,1,2a
7008,3,1,0,1,2a
7008,-3,1,1,1,2a
7008,30,1,1,1,2a
7008,0,1,1,1,2a
7008,-10,1,1,1,2a
7008,6,0,1,1,2a
7008,-20,0,1,1,2a
7008,10,1,1,1,2a
7008,20,1,1,1,2a
7008,-30,0,1,1,2a
7008,3,1,1,1,2a
7008,-10,0,1,1,2a
7008,20,0,1,1,2a
7008,30,1,1,1,2a
7008,-6,0,1,1,2a
7008,-30,0,1,1,2a
7008,0,1,1,1,2a
7008,6,0,1,1,2a
7008,-3,0,1,1,2a
7008,10,1,1,1,2a
7008,-20,0,1,1,2a
7008,-20,0,0,-1,2a
7008,-6,0,0,-1,2a
7008,20,1,1,-1,2a
7008,-10,0,1,-1,2a
7008,-3,0,1,-1,2a
7008,6,1,1,-1,2a
7008,30,0,0,-1,2a
7008,3,0,0,-1,2a
7008,10,0,1,-1,2a
7008,0,0,0,-1,2a
7008,-30,0,1,-1,2a
7009,0,1,1,1,2a
7009,-3,0,1,1,2a
7009,10,0,1,1,2a
7009,-20,0,1,1,2a
7009,3,0,1,1,2a
7009,-30,0,1,1,2a
7009,30,0,1,1,2a
7009,20,1,0,1,2a
7009,-6,0,0,1,2a
7009,6,0,0,1,2a
7009,-10,0,0,1,2a
7009,-10,0,1,-1,2a
7009,0,1,1,-1,2a
7009,20,1,1,-1,2a
7009,6,0,0,-1,2a
7009,3,0,0,-1,2a
7009,30,0,0,-1,2a
7009,-30,0,1,-1,2a
7009,-20,0,0,-1,2a
7009,-6,0,1,-1,2a
7009,10,0,0,-1,2a
7009,-3,0,1,-1,2a
7009,-10,0,1,-1,2a
7009,3,1,0,-1,2a
7009,-30,0,1,-1,2a
7009,-20,1,0,-1,2a
7009,6,1,0,-1,2a
7009,20,0,0,-1,2a
7009,10,0,0,-1,2a
7009,-6,0,0,-1,2a
7009,0,0,0,-1,2a
7009,-3,1,0,-1,2a
7009,30,0,0,-1,2a
7009,-10,1,0,1,2a
7009,10,1,0,1,2a
7009,0,1,0,1,2a
7009,30,0,0,1,2a
7009,-6,1,0,1,2a
7009,-3,1,1,1,2a
7009,-30,0,1,1,2a
7009,3,1,1,1,2a
7009,-20,0,1,1,2a
7009,20,1,0,1,2a
7009,6,0,0,1,2a
7009,-20,1,1,-1,2a
7009,6,0,0,-1,2a
7009,-30,0,1,-1,2a
7009,3,0,0,-1,2a
7009,-10,0,0,-1,2a
7009,20,1,0,-1,2a
7009,0,0,0,-1,2a
7009,30,1,1,-1,2a
7009,-3,0,0,-1,2a
7009,-6,0,0,-1,2a
7009,10,0,0,-1,2a
7009,10,1,0,1,2a
7009,20,1,1,1,2a
7009,-30,0,1,1,2a
7009,3,0,0,1,2a
7009,-20,1,0,1,2a
7009,30,1,1,1,2a
7009,-10,0,0,1,2a
7009,6,1,1,1,2a
7009,-6,1,1,1,2a
7009,-3,0,0,1,2a
7009,0,1,0,1,2a
7009,20,1,1,1,2a
7009,-3,1,1,1,2a
7009,-30,0,1,1,2a
7009,-20,0,1,1,2a
7009,10,1,0,1,2a
7009,3,0,1,1,2a
7009,-10,0,1,1,2a
7009,-6,0,1,1,2a
7009,6,0,1,1,2a
7009,0,0,1,1,2a
7009,30,0,1,1,2a
7009,10,0,1,-1,2a
7009,6,1,0,-1,2a
7009,-10,0,1,-1,2a
7009,-6,1,1,-1,2a
7009,-20,0,0,-1,2a
7009,0,1,1,-1,2a
7009,-3,0,1,-1,2a
7009,-30,0,1,-1,2a
7009,3,1,1,-1,2a
7009,20,1,1,-1,2a
7009,30,1,1,-1,2a
7009,0,1,0,-1,2a
7009,-30,1,1,-1,2a
7009,-20,1,1,-1,2a
7009,10,1,1,-1,2a
7009,-3,1,1,-1,2a
7009,-10,1,1,-1,2a
7009,3,1,1,-1,2a
7009,-6,1,1,-1,2a
7009,6,1,0,-1,2a
7009,30,0,0,-1,2a
7009,20,1,0,-1,2a
7009,-10,1,1,1,2a
7009,-20,0,1,1,2a
7009,0,1,0,1,2a
7009,10,1,0,1,2a
7009,20,1,1,1,2a
7009,-30,1,0,1,2a
7009,-6,0,0,1,2a
7009,30,1,0,1,2a
7009,-3,1,1,1,2a
7009,3,1,0,1,2a
7009,6,1,1,1,2a
7009,-20,1,0,-1,2b
7009,-30,0,1,-1,2b
7009,-10,1,0,-1,2b
7009,10,1,1,-1,2b
7009,3,1,0,-1,2b
7009,20,1,0,-1,2b
7009,30,0,0,-1,2b
7009,-3,1,0,-1,2b
7009,-6,1,0,-1,2b
7009,6,1,1,-1,2b
7009,0,1,0,-1,2b
7009,0,0,0,1,2b
7009,-20,0,1,1,2b
7009,30,0,1,1,2b
7009,20,1,1,1,2b
7009,3,1,0,1,2b
7009,-3,1,1,1,2b
7009,-6,0,1,1,2b
7009,6,0,1,1,2b
7009,10,0,0,1,2b
7009,-30,0,0,1,2b
7009,-10,0,1,1,2b
7009,20,1,0,-1,2b
7009,30,1,0,-1,2b
7009,3,1,1,-1,2b
7009,6,0,0,-1,2b
7009,-6,0,1,-1,2b
7009,10,1,0,-1,2b
7009,-20,0,1,-1,2b
7009,-30,1,0,-1,2b
7009,-10,0,0,-1,2b
7009,0,1,1,-1,2b
7009,-3,1,0,-1,2b
7009,0,1,1,1,2b
7009,10,0,0,1,2b
7009,30,1,1,1,2b
7009,-10,0,1,1,2b
7009,3,0,0,1,2b
7009,6,0,0,1,2b
7009,20,1,1,1,2b
7009,-6,0,0,1,2b
7009,-20,0,1,1,2b
7009,-30,0,1,1,2b
7009,-3,1,1,1,2b
7009,30,1,1,1,2b
7009,10,0,0,1,2b
7009,-30,0,1,1,2b
7009,-6,1,1,1,2b
7009,6,0,1,1,2b
7009,-3,0,1,1,2b
7009,0,0,1,1,2b
7009,-10,0,1,1,2b
7009,3,1,1,1,2b
7009,20,0,1,1,2b
7009,-20,0,1,1,2b
7009,-3,0,0,-1,2b
7009,3,0,1,-1,2b
7009,6,1,1,-1,2b
7009,-30,1,1,-1,2b
7009,-20,1,1,-1,2b
7009,10,1,1,-1,2b
7009,0,1,1,-1,2b
7009,20,1,1,-1,2b
7009,-6,1,0,-1,2b
7009,30,0,1,-1,2b
7009,-10,1,1,-1,2b
7009,10,1,1,1,2b
7009,-6,0,1,1,2b
7009,3,1,1,1,2b
7009,-20,0,0,1,2b
7009,-3,0,0,1,2b
7009,-30,0,1,1,2b
7009,6,0,0,1,2b
7009,20,0,1,1,2b
7009,0,0,1,1,2b
7009,30,0,0,1,2b
7009,-10,0,0,1,2b
7009,3,0,1,-1,2b
7009,-6,0,1,-1,2b
7009,-3,0,0,-1,2b
7009,0,0,1,-1,2b
7009,20,1,0,-1,2b
7009,10,1,0,-1,2b
7009,-30,0,0,-1,2b
7009,6,0,1,-1,2b
7009,-20,0,1,-1,2b
7009,-10,0,1,-1,2b
7009,30,0,0,-1,2b
7009,-20,0,1,-1,2b
7009,6,1,0,-1,2b
7009,-6,1,0,-1,2b
7009,10,1,0,-1,2b
7009,-10,0,1,-1,2b
7009,-3,0,1,-1,2b
7009,20,1,0,-1,2b
7009,30,1,1,-1,2b
7009,-30,0,1,-1,2b
7009,0,1,0,-1,2b
7009,3,0,1,-1,2b
7009,30,1,1,1,2b
7009,-30,0,1,1,2b
7009,-6,0,1,1,2b
7009,-20,0,1,1,2b
7009,20,1,0,1,2b
7009,6,1,0,1,2b
7009,-3,1,1,1,2b
7009,0,0,0,1,2b
7009,-10,0,1,1,2b
7009,3,0,0,1,2b
7009,10,0,0,1,2b
7010,10,1,0,1,2b
7010,-20,1,1,1,2b
7010,-3,0,0,1,2b
7010,0,0,0,1,2b
7010,6,0,0,1,2b
7010,-30,0,0,1,2b
7010,30,0,0,1,2b
7010,-10,0,0,1,2b
7010,-6,0,0,1,2b
7010,20,1,0,1,2b
7010,3,0,0,1,2b
7010,10,1,0,-1,2b
7010,3,1,0,-1,2b
7010,-30,0,1,-1,2b
7010,-6,1,0,-1,2b
7010,20,1,0,-1,2b
7010,30,1,1,-1,2b
7010,-3,1,0,-1,2b
7010,6,1,0,-1,2b
7010,0,1,0,-1,2b
7010,-10,1,0,-1,2b
7010,-20,0,1,-1,2b
7010,6,1,0,-1,2b
7010,-10,1,0,-1,2b
7010,20,1,1,-1,2b
7010,0,1,0,-1,2b
7010,-6,1,0,-1,2b
7010,30,1,1,-1,2b
7010,3,1,0,-1,2b
7010,-20,0,1,-1,2b
7010,-30,0,1,-1,2b
7010,-3,1,0,-1,2b
7010,10,0,0,-1,2b
7010,6,0,0,1,2b
7010,3,0,0,1,2b
7010,0,0,0,1,2b
7010,10,0,1,1,2b
7010,-20,0,1,1,2b
7010,-3,0,0,1,2b
7010,-10,0,0,1,2b
7010,30,1,1,1,2b
7010,-30,0,1,1,2b
7010,-6,0,1,1,2b
7010,20,1,1,1,2b
7010,20,1,1,1,2b
7010,6,0,0,1,2b
7010,-10,0,0,1,2b
7010,-30,0,1,1,2b
7010,-6,0,0,1,2b
7010,10,0,0,1,2b
7010,-3,0,0,1,2b
7010,30,1,1,1,2b
7010,-20,0,0,1,2b
7010,3,0,0,1,2b
7010,0,0,0,1,2b
7010,-6,1,0,-1,2b
7010,3,1,0,-1,2b
7010,30,1,1,-1,2b
7010,0,1,0,-1,2b
7010,6,1,0,-1,2b
7010,-10,1,0,-1,2b
7010,-3,1,0,-1,2b
7010,-20,0,1,-1,2b
7010,-30,0,1,-1,2b
7010,10,1,1,-1,2b
7010,20,1,0,-1,2b
7010,3,0,0,1,2b
7010,6,0,0,1,2b
7010,30,1,1,1,2b
7010,-10,0,0,1,2b
7010,0,0,0,1,2b
7010,-6,0,0,1,2b
7010,10,0,0,1,2b
7010,-20,0,1,1,2b
7010,-30,0,1,1,2b
7010,-3,0,0,1,2b
7010,20,1,1,1,2b
7010,-6,1,1,-1,2b
7010,30,1,1,-1,2b
7010,-30,1,0,-1,2b
7010,3,1,0,-1,2b
7010,10,1,1,-1,2b
7010,-10,1,0,-1,2b
7010,6,1,0,-1,2b
7010,-3,1,0,-1,2b
7010,20,1,0,-1,2b
7010,0,1,1,-1,2b
7010,-20,1,1,-1,2b
7010,-20,1,1,1,2b
7010,20,1,1,1,2b
7010,3,1,1,1,2b
7010,0,1,1,1,2b
7010,-10,1,1,1,2b
7010,30,1,1,1,2b
7010,-30,0,1,1,2b
7010,10,0,1,1,2b
7010,-6,0,0,1,2b
7010,6,0,0,1,2b
7010,-3,0,0,1,2b
7010,6,1,0,-1,2b
7010,-10,1,0,-1,2b
7010,-20,0,1,-1,2b
7010,10,1,0,-1,2b
7010,-6,0,0,-1,2b
7010,-3,1,0,-1,2b
7010,0,1,0,-1,2b
7010,-30,0,1,-1,2b
7010,20,1,1,-1,2b
7010,3,1,0,-1,2b
7010,30,1,1,-1,2b
7010,-6,0,0,-1,2a
7010,6,1,0,-1,2a
7010,-10,0,0,-1,2a
7010,-30,0,1,-1,2a
7010,-3,0,0,-1,2a
7010,30,1,1,-1,2a
7010,10,0,0,-1,2a
7010,-20,0,1,-1,2a
7010,3,0,0,-1,2a
7010,20,1,1,-1,2a
7010,0,0,0,-1,2a
7010,20,1,1,1,2a
7010,-30,0,1,1,2a
7010,-10,1,0,1,2a
7010,-6,1,0,1,2a
7010,0,1,0,1,2a
7010,-3,1,0,1,2a
7010,3,1,0,1,2a
7010,-20,0,1,1,2a
7010,30,1,1,1,2a
7010,6,1,0,1,2a
7010,10,1,1,1,2a
7010,3,0,0,-1,2a
7010,20,1,1,-1,2a
7010,10,0,0,-1,2a
7010,30,1,1,-1,2a
7010,-3,0,0,-1,2a
7010,-20,0,1,-1,2a
7010,6,0,0,-1,2a
7010,-6,0,0,-1,2a
7010,0,0,0,-1,2a
7010,-30,0,1,-1,2a
7010,-10,0,0,-1,2a
7010,-10,0,0,1,2a
7010,-3,0,0,1,2a
7010,30,1,1,1,2a
7010,0,1,0,1,2a
7010,-20,0,1,1,2a
7010,3,1,0,1,2a
7010,-6,1,0,1,2a
7010,10,0,0,1,2a
7010,6,1,0,1,2a
7010,20,1,1,1,2a
7010,-30,0,1,1,2a
7010,0,0,0,-1,2a
7010,-10,0,0,-1,2a
7010,-20,0,1,-1,2a
7010,30,1,1,-1,2a
7010,20,1,1,-1,2a
7010,6,1,0,-1,2a
7010,-6,0,0,-1,2a
7010,10,0,0,-1,2a
7010,-3,1,0,-1,2a
7010,3,1,1,-1,2a
7010,-30,1,0,-1,2a
7010,20,1,1,1,2a
7010,-10,1,0,1,2a
7010,3,1,0,1,2a
7010,6,1,1,1,2a
7010,-30,0,1,1,2a
7010,-6,1,0,1,2a
7010,10,1,0,1,2a
7010,-20,0,1,1,2a
7010,0,1,0,1,2a
7010,-3,1,0,1,2a
7010,30,1,1,1,2a
7010,3,1,0,-1,2a
7010,6,0,0,-1,2a
7010,-3,1,0,-1,2a
7010,20,1,1,-1,2a
7010,-20,0,1,-1,2a
7010,0,0,1,-1,2a
7010,30,1,1,-1,2a
7010,-6,0,0,-1,2a
7010,10,0,0,-1,2a
7010,-30,0,1,-1,2a
7010,-10,0,0,-1,2a
7010,-20,0,1,1,2a
7010,-10,0,1,1,2a
7010,3,1,0,1,2a
7010,-3,1,0,1,2a
7010,6,1,0,1,2a
7010,-30,0,1,1,2a
7010,20,1,1,1,2a
7010,-6,1,0,1,2a
7010,10,1,1,1,2a
7010,30,1,1,1,2a
7010,0,1,0,1,2a
7010,-20,0,1,-1,2a
7010,20,1,1,-1,2a
7010,-6,0,0,-1,2a
7010,-3,0,0,-1,2a
7010,-30,0,1,-1,2a
7010,6,0,0,-1,2a
7010,30,1,1,-1,2a
7010,0,0,0,-1,2a
7010,10,1,0,-1,2a
7010,-10,1,0,-1,2a
7010,3,1,0,-1,2a
7010,6,1,0,1,2a
7010,20,1,1,1,2a
7010,0,1,0,1,2a
7010,-6,1,0,1,2a
7010,30,1,1,1,2a
7010,-30,1,0,1,2a
7010,-3,1,0,1,2a
7010,3,1,0,1,2a
7010,10,1,1,1,2a
7010,-10,1,0,1,2a
7010,-20,0,1,1,2a
7011,-3,0,0,-1,2a
7011,-6,0,0,-1,2a
7011,30,1,1,-1,2a
7011,3,0,0,-1,2a
7011,10,1,0,-1,2a
7011,0,0,0,-1,2a
7011,6,0,0,-1,2a
7011,-30,0,1,-1,2a
7011,-20,0,1,-1,2a
7011,20,1,1,-1,2a
7011,-10,0,0,-1,2a
7011,-6,1,0,1,2a
7011,-3,1,0,1,2a
7011,-10,1,0,1,2a
7011,20,1,1,1,2a
7011,0,1,0,1,2a
7011,-20,0,0,1,2a
7011,30,1,1,1,2a
7011,10,1,1,1,2a
7011,-30,0,1,1,2a
7011,3,1,0,1,2a
7011,6,1,0,1,2a
7011,-10,0,0,-1,2a
7011,-20,0,1,-1,2a
7011,0,0,0,-1,2a
7011,10,0,0,-1,2a
7011,6,0,0,-1,2a
7011,20,1,1,-1,2a
7011,30,1,1,-1,2a
7011,-6,0,0,-1,2a
7011,-30,0,1,-1,2a
7011,-3,0,1,-1,2a
7011,3,0,0,-1,2a
7011,-30,0,1,1,2a
7011,20,1,1,1,2a
7011,-20,0,1,1,2a
7011,0,1,0,1,2a
7011,10,1,0,1,2a
7011,3,1,0,1,2a
7011,-6,1,0,1,2a
7011,30,1,1,1,2a
7011,-10,1,0,1,2a
7011,-3,1,0,1,2a
7011,6,1,0,1,2a
7011,20,1,1,1,2a
7011,-30,0,1,1,2a
7011,-20,0,1,1,2a
7011,-3,0,0,1,2a
7011,10,1,0,1,2a
7011,30,1,1,1,2a
7011,-6,1,0,1,2a
7011,-10,0,1,1,2a
7011,3,1,0,1,2a
7011,0,0,0,1,2a
7011,6,1,0,1,2a
7011,20,1,0,-1,2a
7011,3,0,0,-1,2a
7011,30,1,1,-1,2a
7011,-20,0,1,-1,2a
7011,-6,0,0,-1,2a
7011,-10,0,0,-1,2a
7011,10,1,1,-1,2a
7011,-3,0,0,-1,2a
7011,0,0,0,-1,2a
7011,-30,0,1,-1,2a
7011,6,0,0,-1,2a
7011,10,1,0,-1,2a
7011,-6,0,0,-1,2a
7011,3,0,0,-1,2a
7011,-30,0,1,-1,2a
7011,0,0,0,-1,2a
7011,-20,0,1,-1,2a
7011,6,0,0,-1,2a
7011,-10,0,1,-1,2a
7011,30,1,1,-1,2a
7011,20,1,1,-1,2a
7011,-3,0,0,-1,2a
7011,20,1,1,1,2a
7011,3,1,0,1,2a
7011,10,1,0,1,2a
7011,-6,1,0,1,2a
7011,-20,0,1,1,2a
7011,0,1,0,1,2a
7011,30,1,1,1,2a
7011,6,1,0,1,2a
7011,-30,0,1,1,2a
7011,-10,0,0,1,2a
7011,-3,0,0,1,2a
7011,-30,0,1,1,2a
7011,-20,0,1,1,2a
7011,-10,0,1,1,2a
7011,-3,0,0,1,2a
7011,3,1,0,1,2a
7011,20,1,1,1,2a
7011,10,1,0,1,2a
7011,30,1,1,1,2a
7011,-6,1,0,1,2a
7011,0,1,0,1,2a
7011,6,1,0,1,2a
7011,3,0,0,-1,2a
7011,-10,0,1,-1,2a
7011,20,1,1,-1,2a
7011,-20,0,1,-1,2a
7011,-30,0,1,-1,2a
7011,10,1,0,-1,2a
7011,-6,0,0,-1,2a
7011,0,0,0,-1,2a
7011,6,0,0,-1,2a
7011,30,1,1,-1,2a
7011,-3,0,0,-1,2a
7011,10,1,1,1,2b
7011,6,1,0,1,2b
7011,-30,0,1,1,2b
7011,-10,0,0,1,2b
7011,-6,0,0,1,2b
7011,-20,0,1,1,2b
7011,0,0,0,1,2b
7011,-3,0,0,1,2b
7011,20,1,1,1,2b
7011,30,1,1,1,2b
7011,3,0,0,1,2b
7011,-20,0,1,-1,2b
7011,-6,0,1,-1,2b
7011,20,1,1,-1,2b
7011,-10,0,1,-1,2b
7011,6,1,0,-1,2b
7011,-3,0,0,-1,2b
7011,10,1,0,-1,2b
7011,-30,0,1,-1,2b
7011,0,1,0,-1,2b
7011,30,1,1,-1,2b
7011,3,1,0,-1,2b
7011,6,1,0,-1,2b
7011,30,1,1,-1,2b
7011,-3,1,0,-1,2b
7011,-6,1,0,-1,2b
7011,-10,0,0,-1,2b
7011,3,1,0,-1,2b
7011,0,1,0,-1,2b
7011,20,1,1,-1,2b
7011,-20,0,1,-1,2b
7011,10,1,0,-1,2b
7011,-30,0,1,-1,2b
7011,-20,0,1,1,2b
7011,6,0,0,1,2b
7011,30,1,1,1,2b
7011,-6,0,0,1,2b
7011,20,1,1,1,2b
7011,-30,0,1,1,2b
7011,0,0,0,1,2b
7011,10,1,0,1,2b
7011,-10,0,0,1,2b
7011,-3,0,0,1,2b
7011,3,0,0,1,2b
7011,-3,0,0,1,2b
7011,-30,0,1,1,2b
7011,0,0,0,1,2b
7011,3,0,0,1,2b
7011,6,0,0,1,2b
7011,-20,0,1,1,2b
7011,20,1,1,1,2b
7011,30,1,1,1,2b
7011,-6,0,0,1,2b
7011,-10,0,0,1,2b
7011,10,1,0,1,2b
7011,10,1,1,-1,2b
7011,6,1,0,-1,2b
7011,-30,0,1,-1,2b
7011,-20,0,1,-1,2b
7011,-6,0,1,-1,2b
7011,3,0,0,-1,2b
7011,30,1,1,-1,2b
7011,0,1,0,-1,2b
7011,-10,0,0,-1,2b
7011,20,1,1,-1,2b
7011,-3,0,0,-1,2b
7011,6,1,0,1,2b
7011,0,0,0,1,2b
7011,-20,0,0,1,2b
7011,-3,0,0,1,2b
7011,10,1,0,1,2b
7011,-6,0,0,1,2b
7011,-30,0,1,1,2b
7011,-10,0,1,1,2b
7011,30,1,1,1,2b
7011,3,0,0,1,2b
7011,20,1,1,1,2b
7011,3,1,0,-1,2b
7011,-20,0,1,-1,2b
7011,-30,0,1,-1,2b
7011,10,1,0,-1,2b
7011,-10,0,0,-1,2b
7011,20,1,0,-1,2b
7011,6,1,0,-1,2b
7011,0,1,0,-1,2b
7011,30,1,1,-1,2b
7011,-6,0,0,-1,2b
7011,-3,1,0,-1,2b
7011,-6,1,0,-1,2b
7011,30,1,1,-1,2b
7011,6,1,0,-1,2b
7011,-20,0,1,-1,2b
7011,-30,0,1,-1,2b
7011,3,1,0,-1,2b
7011,20,1,0,-1,2b
7011,10,1,0,-1,2b
7011,-3,1,0,-1,2b
7011,-10,1,0,-1,2b
7011,0,1,0,-1,2b
7011,30,1,1,1,2b
7011,6,1,0,1,2b
7011,10,1,0,1,2b
7011,0,0,0,1,2b
7011,-20,0,1,1,2b
7011,3,1,0,1,2b
7011,-30,0,1,1,2b
7011,20,1,1,1,2b
7011,-3,0,0,1,2b
7011,-6,0,0,1,2b
7011,-10,0,0,1,2b
7012,-10,0,1,1,2b
7012,30,1,1,1,2b
7012,3,0,0,1,2b
7012,10,1,1,1,2b
7012,-3,0,1,1,2b
7012,-20,0,0,1,2b
7012,6,0,0,1,2b
7012,-6,0,0,1,2b
7012,0,1,1,1,2b
7012,20,1,1,1,2b
7012,-30,0,0,1,2b
7012,-30,0,1,-1,2b
7012,20,1,0,-1,2b
7012,10,1,1,-1,2b
7012,30,1,1,-1,2b
7012,-10,1,0,-1,2b
7012,-3,0,1,-1,2b
7012,6,1,0,-1,2b
7012,-20,0,1,-1,2b
7012,3,1,0,-1,2b
7012,0,1,0,-1,2b
7012,-6,1,0,-1,2b
7012,-20,0,1,-1,2b
7012,-6,0,1,-1,2b
7012,-3,1,0,-1,2b
7012,0,1,0,-1,2b
7012,-10,0,1,-1,2b
7012,6,1,0,-1,2b
7012,10,1,1,-1,2b
7012,30,1,1,-1,2b
7012,-30,0,1,-1,2b
7012,3,1,1,-1,2b
7012,20,1,1,-1,2b
7012,0,1,1,1,2b
7012,20,1,1,1,2b
7012,6,1,1,1,2b
7012,30,1,1,1,2b
7012,10,1,1,1,2b
7012,-10,0,1,1,2b
7012,-3,0,0,1,2b
7012,-6,0,1,1,2b
7012,-30,0,1,1,2b
7012,-20,0,1,1,2b
7012,3,0,1,1,2b
7012,-20,0,1,1,2b
7012,-30,0,1,1,2b
7012,30,1,1,1,2b
7012,10,1,1,1,2b
7012,-3,0,0,1,2b
7012,20,1,1,1,2b
7012,0,0,0,1,2b
7012,3,0,0,1,2b
7012,-6,0,0,1,2b
7012,-10,0,1,1,2b
7012,6,1,1,1,2b
7012,0,1,0,-1,2b
7012,3,1,0,-1,2b
7012,-10,0,0,-1,2b
7012,10,1,0,-1,2b
7012,-30,0,1,-1,2b
7012,20,1,1,-1,2b
7012,30,1,1,-1,2b
7012,-6,1,0,-1,2b
7012,6,1,1,-1,2b
7012,-20,0,1,-1,2b
7012,-3,1,0,-1,2b
7012,6,1,1,1,2b
7012,20,1,1,1,2b
7012,-20,0,1,1,2b
7012,0,0,0,1,2b
7012,-30,0,1,1,2b
7012,-10,0,1,1,2b
7012,10,1,1,1,2b
7012,30,1,1,1,2b
7012,-3,0,1,1,2b
7012,3,1,1,1,2b
7012,-6,0,0,1,2b
7012,20,1,1,-1,2b
7012,-20,0,1,-1,2b
7012,-10,0,1,-1,2b
7012,0,1,0,-1,2b
7012,30,1,1,-1,2b
7012,6,1,0,-1,2b
7012,3,1,0,-1,2b
7012,-30,0,1,-1,2b
7012,-6,0,1,-1,2b
7012,10,1,1,-1,2b
7012,-3,1,0,-1,2b
7012,6,1,1,1,2b
7012,-10,0,1,1,2b
7012,20,1,1,1,2b
7012,-3,0,0,1,2b
7012,-6,0,0,1,2b
7012,10,0,0,1,2b
7012,-30,0,1,1,2b
7012,-20,0,1,1,2b
7012,0,0,0,1,2b
7012,30,1,1,1,2b
7012,3,0,0,1,2b
7012,6,1,0,-1,2b
7012,-3,0,0,-1,2b
7012,3,1,0,-1,2b
7012,-10,0,1,-1,2b
7012,20,1,1,-1,2b
7012,10,1,1,-1,2b
7012,-30,0,1,-1,2b
7012,-20,0,1,-1,2b
7012,30,1,1,-1,2b
7012,-6,0,1,-1,2b
7012,0,1,0,-1,2b
7012,-6,0,1,-1,2a
7012,20,1,1,-1,2a
7012,0,0,0,-1,2a
7012,-3,0,0,-1,2a
7012,-30,0,1,-1,2a
7012,-10,0,0,-1,2a
7012,-20,0,1,-1,2a
7012,3,0,0,-1,2a
7012,6,1,1,-1,2a
7012,10,1,1,-1,2a
7012,30,1,1,-1,2a
7012,20,1,1,1,2a
7012,-20,0,1,1,2a
7012,-6,1,0,1,2a
7012,3,1,1,1,2a
7012,0,1,0,1,2a
7012,-10,0,0,1,2a
7012,-3,1,0,1,2a
7012,30,1,1,1,2a
7012,-30,0,1,1,2a
7012,6,1,0,1,2a
7012,10,1,0,1,2a
7012,20,1,1,-1,2a
7012,6,1,1,-1,2a
7012,-30,0,1,-1,2a
7012,3,0,0,-1,2a
7012,-10,0,1,-1,2a
7012,-6,1,1,-1,2a
7012,-3,1,1,-1,2a
7012,30,1,1,-1,2a
7012,10,1,1,-1,2a
7012,-20,0,1,-1,2a
7012,0,1,1,-1,2a
7012,6,1,0,1,2a
7012,10,1,1,1,2a
7012,-10,1,1,1,2a
7012,-30,0,1,1,2a
7012,3,1,1,1,2a
7012,-20,0,1,1,2a
7012,-6,0,1,1,2a
7012,30,1,1,1,2a
7012,20,1,1,1,2a
7012,0,1,0,1,2a
7012,-3,1,0,1,2a
7012,-3,0,0,1,2a
7012,30,1,1,1,2a
7012,20,1,1,1,2a
7012,-10,0,1,1,2a
7012,6,1,0,1,2a
7012,-6,1,0,1,2a
7012,-30,0,1,1,2a
7012,-20,0,1,1,2a
7012,10,1,1,1,2a
7012,3,1,0,1,2a
7012,0,1,0,1,2a
7012,-6,0,1,-1,2a
7012,-20,0,1,-1,2a
7012,0,0,0,-1,2a
7012,10,1,1,-1,2a
7012,20,1,1,-1,2a
7012,3,0,0,-1,2a
7012,-30,0,1,-1,2a
7012,6,0,0,-1,2a
7012,30,1,1,-1,2a
7012,-3,0,0,-1,2a
7012,-10,0,1,-1,2a
7012,3,0,0,-1,2a
7012,-10,0,1,-1,2a
7012,10,0,0,-1,2a
7012,6,0,0,-1,2a
7012,-20,0,1,-1,2a
7012,0,0,0,-1,2a
7012,-6,0,1,-1,2a
7012,30,1,1,-1,2a
7012,-3,0,0,-1,2a
7012,20,1,1,-1,2a
7012,-30,0,1,-1,2a
7012,-30,0,1,1,2a
7012,-20,0,1,1,2a
7012,6,1,1,1,2a
7012,-10,1,0,1,2a
7012,3,1,0,1,2a
7012,10,1,1,1,2a
7012,0,1,1,1,2a
7012,30,1,1,1,2a
7012,-3,1,0,1,2a
7012,20,1,1,1,2a
7012,-6,1,0,1,2a
7012,0,0,0,-1,2a
7012,20,1,1,-1,2a
7012,10,1,1,-1,2a
7012,-3,0,0,-1,2a
7012,-20,0,1,-1,2a
7012,30,1,1,-1,2a
7012,-10,0,1,-1,2a
7012,-30,0,1,-1,2a
7012,6,1,1,-1,2a
7012,3,0,0,-1,2a
7012,-6,0,0,-1,2a
7012,-3,1,0,1,2a
7012,20,1,1,1,2a
7012,6,1,0,1,2a
7012,3,1,0,1,2a
7012,-20,0,1,1,2a
7012,10,1,1,1,2a
7012,-30,0,1,1,2a
7012,30,1,1,1,2a
7012,-6,1,0,1,2a
7012,0,1,0,1,2a
7012,-10,0,1,1,2a
7013,-3,0,0,-1,2a
7013,-6,0,0,-1,2a
7013,30,1,1,-1,2a
7013,3,0,0,-1,2a
7013,10,1,0,-1,2a
7013,0,0,0,-1,2a
7013,6,0,0,-1,2a
7013,-30,0,1,-1,2a
7013,-20,0,1,-1,2a
7013,20,1,1,-1,2a
7013,-10,0,0,-1,2a
7013,-6,1,0,1,2a
7013,-3,1,0,1,2a
7013,-10,1,0,1,2a
7013,20,1,1,1,2a
7013,0,1,0,1,2a
7013,-20,0,0,1,2a
7013,30,1,1,1,2a
7013,10,1,1,1,2a
7013,-30,0,1,1,2a
7013,3,1,0,1,2a
7013,6,1,0,1,2a
7013,-10,0,0,-1,2a
7013,-20,0,1,-1,2a
7013,0,0,0,-1,2a
7013,10,0,0,-1,2a
7013,6,0,0,-1,2a
7013,20,1,1,-1,2a
7013,30,1,1,-1,2a
7013,-6,0,0,-1,2a
7013,-30,0,1,-1,2a
7013,-3,0,1,-1,2a
7013,3,0,0,-1,2a
7013,-30,0,1,1,2a
7013,20,1,1,1,2a
7013,-20,0,1,1,2a
7013,0,1,0,1,2a
7013,10,1,0,1,2a
7013,3,1,0,1,2a
7013,-6,1,0,1,2a
7013,30,1,1,1,2a
7013,-10,1,0,1,2a
7013,-3,1,0,1,2a
7013,6,1,0,1,2a
7013,20,1,1,1,2a
7013,-30,0,1,1,2a
7013,-20,0,1,1,2a
7013,-3,0,0,1,2a
7013,10,1,0,1,2a
7013,30,1,1,1,2a
7013,-6,1,0,1,2a
7013,-10,0,1,1,2a
7013,3,1,0,1,2a
7013,0,0,0,1,2a
7013,6,1,0,1,2a
7013,20,1,0,-1,2a
7013,3,0,0,-1,2a
7013,30,1,1,-1,2a
7013,-20,0,1,-1,2a
7013,-6,0,0,-1,2a
7013,-10,0,0,-1,2a
7013,10,1,1,-1,2a
7013,-3,0,0,-1,2a
7013,0,0,0,-1,2a
7013,-30,0,1,-1,2a
7013,6,0,0,-1,2a
7013,10,1,0,-1,2a
7013,-6,0,0,-1,2a
7013,3,0,0,-1,2a
7013,-30,0,1,-1,2a
7013,0,0,0,-1,2a
7013,-20,0,1,-1,2a
7013,6,0,0,-1,2a
7013,-10,0,1,-1,2a
7013,30,1,1,-1,2a
7013,20,1,1,-1,2a
7013,-3,0,0,-1,2a
7013,20,1,1,1,2a
7013,3,1,0,1,2a
7013,10,1,0,1,2a
7013,-6,1,0,1,2a
7013,-20,0,1,1,2a
7013,0,1,0,1,2a
7013,30,1,1,1,2a
7013,6,1,0,1,2a
7013,-30,0,1,1,2a
7013,-10,0,0,1,2a
7013,-3,0,0,1,2a
7013,-30,0,1,1,2a
7013,-20,0,1,1,2a
7013,-10,0,1,1,2a
7013,-3,0,0,1,2a
7013,3,1,0,1,2a
7013,20,1,1,1,2a
7013,10,1,0,1,2a
7013,30,1,1,1,2a
7013,-6,1,0,1,2a
7013,0,1,0,1,2a
7013,6,1,0,1,2a
7013,3,0,0,-1,2a
7013,-10,0,1,-1,2a
7013,20,1,1,-1,2a
7013,-20,0,1,-1,2a
7013,-30,0,1,-1,2a
7013,10,1,0,-1,2a
7013,-6,0,0,-1,2a
7013,0,0,0,-1,2a
7013,6,0,0,-1,2a
7013,30,1,1,-1,2a
7013,-3,0,0,-1,2a
7013,10,1,1,1,2b
7013,6,1,0,1,2b
7013,-30,0,1,1,2b
7013,-10,0,0,1,2b
7013,-6,0,0,1,2b
7013,-20,0,1,1,2b
7013,0,0,0,1,2b
7013,-3,0,0,1,2b
7013,20,1,1,1,2b
7013,30,1,1,1,2b
7013,3,0,0,1,2b
7013,-20,0,1,-1,2b
7013,-6,0,1,-1,2b
7013,20,1,1,-1,2b
7013,-10,0,1,-1,2b
7013,6,1,0,-1,2b
7013,-3,0,0,-1,2b
7013,10,1,0,-1,2b
7013,-30,0,1,-1,2b
7013,0,1,0,-1,2b
7013,30,1,1,-1,2b
7013,3,1,0,-1,2b
7013,6,1,0,-1,2b
7013,30,1,1,-1,2b
7013,-3,1,0,-1,2b
7013,-6,1,0,-1,2b
7013,-10,0,0,-1,2b
7013,3,1,0,-1,2b
7013,0,1,0,-1,2b
7013,20,1,1,-1,2b
7013,-20,0,1,-1,2b
7013,10,1,0,-1,2b
7013,-30,0,1,-1,2b
7013,-20,0,1,1,2b
7013,6,0,0,1,2b
7013,30,1,1,1,2b
7013,-6,0,0,1,2b
7013,20,1,1,1,2b
7013,-30,0,1,1,2b
7013,0,0,0,1,2b
7013,10,1,0,1,2b
7013,-10,0,0,1,2b
7013,-3,0,0,1,2b
7013,3,0,0,1,2b
7013,-3,0,0,1,2b
7013,-30,0,1,1,2b
7013,0,0,0,1,2b
7013,3,0,0,1,2b
7013,6,0,0,1,2b
7013,-20,0,1,1,2b
7013,20,1,1,1,2b
7013,30,1,1,1,2b
7013,-6,0,0,1,2b
7013,-10,0,0,1,2b
7013,10,1,0,1,2b
7013,10,1,1,-1,2b
7013,6,1,0,-1,2b
7013,-30,0,1,-1,2b
7013,-20,0,1,-1,2b
7013,-6,0,1,-1,2b
7013,3,0,0,-1,2b
7013,30,1,1,-1,2b
7013,0,1,0,-1,2b
7013,-10,0,0,-1,2b
7013,20,1,1,-1,2b
7013,-3,0,0,-1,2b
7013,6,1,0,1,2b
7013,0,0,0,1,2b
7013,-20,0,0,1,2b
7013,-3,0,0,1,2b
7013,10,1,0,1,2b
7013,-6,0,0,1,2b
7013,-30,0,1,1,2b
7013,-10,0,1,1,2b
7013,30,1,1,1,2b
7013,3,0,0,1,2b
7013,20,1,1,1,2b
7013,3,1,0,-1,2b
7013,-20,0,1,-1,2b
7013,-30,0,1,-1,2b
7013,10,1,0,-1,2b
7013,-10,0,0,-1,2b
7013,20,1,0,-1,2b
7013,6,1,0,-1,2b
7013,0,1,0,-1,2b
7013,30,1,1,-1,2b
7013,-6,0,0,-1,2b
7013,-3,1,0,-1,2b
7013,-6,1,0,-1,2b
7013,30,1,1,-1,2b
7013,6,1,0,-1,2b
7013,-20,0,1,-1,2b
7013,-30,0,1,-1,2b
7013,3,1,0,-1,2b
7013,20,1,0,-1,2b
7013,10,1,0,-1,2b
7013,-3,1,0,-1,2b
7013,-10,1,0,-1,2b
7013,0,1,0,-1,2b
7013,30,1,1,1,2b
7013,6,1,0,1,2b
7013,10,1,0,1,2b
7013,0,0,0,1,2b
7013,-20,0,1,1,2b
7013,3,1,0,1,2b
7013,-30,0,1,1,2b
7013,20,1,1,1,2b
7013,-3,0,0,1,2b
7013,-6,0,0,1,2b
7013,-10,0,0,1,2b
7013,6,1,1,-1,2a
7013,-30,0,1,-1,2a
7013,-6,1,1,-1,2a
7013,-20,1,0,-1,2a
7013,0,1,1,-1,2a
7013,20,1,1,-1,2a
7013,30,0,0,-1,2a
7013,-10,1,0,-1,2a
7013,10,1,1,-1,2a
7013,3,0,0,-1,2a
7013,-3,1,0,-1,2a
7013,-6,0,0,1,2a
7013,6,1,0,1,2a
7013,10,0,0,1,2a
7013,-10,1,0,1,2a
7013,-20,1,0,1,2a
7013,20,1,0,1,2a
7013,0,0,0,1,2a
7013,-3,1,0,1,2a
7013,-30,0,1,1,2a
7013,3,1,0,1,2a
7013,30,1,1,1,2a
7013,-6,1,0,1,2a
7013,20,1,1,1,2a
7013,10,1,1,1,2a
7013,30,1,1,1,2a
7013,3,1,1,1,2a
7013,0,1,0,1,2a
7013,-30,0,1,1,2a
7013,-10,0,1,1,2a
7013,-20,0,1,1,2a
7013,-3,0,0,1,2a
7013,6,1,0,1,2a
7013,20,1,1,-1,2a
7013,-20,0,1,-1,2a
7013,-30,0,0,-1,2a
7013,3,0,1,-1,2a
7013,6,0,0,-1,2a
7013,-3,0,0,-1,2a
7013,-6,0,0,-1,2a
7013,30,1,1,-1,2a
7013,-10,0,0,-1,2a
7013,10,1,0,-1,2a
7013,0,0,0,-1,2a
7013,-3,0,0,-1,2a
7013,10,1,0,-1,2a
7013,-20,0,1,-1,2a
7013,-10,0,0,-1,2a
7013,0,0,0,-1,2a
7013,20,1,0,-1,2a
7013,3,0,0,-1,2a
7013,30,1,1,-1,2a
7013,6,1,1,-1,2a
7013,-6,1,1,-1,2a
7013,-30,0,1,-1,2a
7013,3,1,1,1,2a
7013,0,1,1,1,2a
7013,10,1,1,1,2a
7013,30,1,1,1,2a
7013,20,1,1,1,2a
7013,6,1,0,1,2a
7013,-6,1,0,1,2a
7013,-20,0,1,1,2a
7013,-10,0,1,1,2a
7013,-3,1,0,1,2a
7013,-30,0,1,1,2a
7013,20,1,1,1,2a
7013,-10,0,0,1,2a
7013,30,1,1,1,2a
7013,10,1,1,1,2a
7013,0,1,0,1,2a
7013,3,1,0,1,2a
7013,-20,0,1,1,2a
7013,-6,1,0,1,2a
7013,6,1,0,1,2a
7013,-30,0,1,1,2a
7013,-3,1,0,1,2a
7013,3,0,0,-1,2a
7013,10,1,0,-1,2a
7013,-10,0,0,-1,2a
7013,-6,0,0,-1,2a
7013,-30,0,1,-1,2a
7013,0,0,0,-1,2a
7013,-20,0,1,-1,2a
7013,-3,0,0,-1,2a
7013,30,1,1,-1,2a
7013,20,1,1,-1,2a
7013,6,1,0,-1,2a
7013,30,1,1,1,2a
7013,10,1,1,1,2a
7013,0,1,0,1,2a
7013,3,1,0,1,2a
7013,-30,0,1,1,2a
7013,-20,0,1,1,2a
7013,6,1,0,1,2a
7013,-3,1,1,1,2a
7013,-6,1,1,1,2a
7013,-10,1,1,1,2a
7013,20,1,1,1,2a
7013,3,0,1,-1,2a
7013,-20,0,1,-1,2a
7013,30,1,1,-1,2a
7013,-30,0,1,-1,2a
7013,-10,0,0,-1,2a
7013,-3,0,0,-1,2a
7013,-6,0,0,-1,2a
7013,20,1,1,-1,2a
7013,6,0,0,-1,2a
7013,10,0,0,-1,2a
7013,0,0,0,-1,2a
7014,20,1,1,-1,2a
7014,0,0,0,-1,2a
7014,3,0,0,-1,2a
7014,-3,0,0,-1,2a
7014,10,0,0,-1,2a
7014,-30,0,1,-1,2a
7014,30,1,1,-1,2a
7014,-20,0,1,-1,2a
7014,-6,0,0,-1,2a
7014,-10,0,1,-1,2a
7014,6,0,0,-1,2a
7014,-6,1,0,1,2a
7014,6,1,0,1,2a
7014,0,1,0,1,2a
7014,3,1,0,1,2a
7014,-30,0,1,1,2a
7014,-3,1,0,1,2a
7014,-10,0,1,1,2a
7014,10,1,1,1,2a
7014,-20,0,1,1,2a
7014,30,1,1,1,2a
7014,20,1,0,1,2a
7014,-20,0,1,-1,2a
7014,-3,0,0,-1,2a
7014,6,0,0,-1,2a
7014,0,0,0,-1,2a
7014,30,1,1,-1,2a
7014,-6,0,0,-1,2a
7014,-30,0,1,-1,2a
7014,20,1,1,-1,2a
7014,3,0,0,-1,2a
7014,10,0,0,-1,2a
7014,-10,0,1,-1,2a
7014,6,1,0,1,2a
7014,-3,1,0,1,2a
7014,-6,1,0,1,2a
7014,3,1,0,1,2a
7014,-30,0,1,1,2a
7014,30,1,1,1,2a
7014,20,1,1,1,2a
7014,-20,0,1,1,2a
7014,0,1,0,1,2a
7014,-10,1,0,1,2a
7014,10,1,0,1,2a
7014,30,1,1,-1,2a
7014,-3,0,0,-1,2a
7014,0,0,0,-1,2a
7014,-20,0,1,-1,2a
7014,6,0,0,-1,2a
7014,20,1,1,-1,2a
7014,-30,0,1,-1,2a
7014,10,0,0,-1,2a
7014,-6,0,1,-1,2a
7014,-10,0,0,-1,2a
7014,3,0,0,-1,2a
7014,-3,1,0,1,2a
7014,-20,0,1,1,2a
7014,-30,0,1,1,2a
7014,6,1,0,1,2a
7014,20,1,1,1,2a
7014,-10,0,1,1,2a
7014,0,1,0,1,2a
7014,-6,1,0,1,2a
7014,10,1,1,1,2a
7014,3,1,0,1,2a
7014,30,1,1,1,2a
7014,3,0,0,-1,2a
7014,-6,0,1,-1,2a
7014,-10,0,0,-1,2a
7014,20,1,1,-1,2a
7014,-3,0,0,-1,2a
7014,30,1,1,-1,2a
7014,0,0,0,-1,2a
7014,-30,0,1,-1,2a
7014,10,1,1,-1,2a
7014,-20,0,1,-1,2a
7014,6,1,0,-1,2a
7014,-30,0,1,1,2a
7014,-10,0,1,1,2a
7014,0,1,0,1,2a
7014,10,1,0,1,2a
7014,-6,1,0,1,2a
7014,-20,0,1,1,2a
7014,-3,1,0,1,2a
7014,20,1,1,1,2a
7014,3,1,0,1,2a
7014,6,1,1,1,2a
7014,30,1,1,1,2a
7014,-10,0,0,-1,2a
7014,-30,0,1,-1,2a
7014,-3,0,0,-1,2a
7014,0,0,0,-1,2a
7014,6,0,0,-1,2a
7014,20,1,1,-1,2a
7014,3,0,0,-1,2a
7014,-20,0,1,-1,2a
7014,30,1,1,-1,2a
7014,-6,0,0,-1,2a
7014,10,1,1,-1,2a
7014,-20,0,1,1,2a
7014,30,1,1,1,2a
7014,-6,1,0,1,2a
7014,-10,0,1,1,2a
7014,20,1,1,1,2a
7014,-3,1,0,1,2a
7014,6,1,1,1,2a
7014,10,1,0,1,2a
7014,0,1,0,1,2a
7014,3,1,0,1,2a
7014,-30,0,1,1,2a
7014,20,1,1,-1,2b
7014,-30,0,1,-1,2b
7014,6,1,1,-1,2b
7014,-3,1,0,-1,2b
7014,-6,0,1,-1,2b
7014,10,1,1,-1,2b
7014,30,1,1,-1,2b
7014,-20,0,1,-1,2b
7014,3,1,0,-1,2b
7014,-10,0,1,-1,2b
7014,0,1,0,-1,2b
7014,10,0,0,1,2b
7014,-10,0,0,1,2b
7014,-6,0,0,1,2b
7014,-3,0,0,1,2b
7014,-30,0,1,1,2b
7014,3,0,0,1,2b
7014,30,1,1,1,2b
7014,0,0,0,1,2b
7014,20,1,1,1,2b
7014,6,0,0,1,2b
7014,-20,0,1,1,2b
7014,-20,0,1,1,2b
7014,6,0,0,1,2b
7014,-3,0,0,1,2b
7014,-6,0,0,1,2b
7014,-30,0,1,1,2b
7014,3,0,0,1,2b
7014,0,0,0,1,2b
7014,-10,0,0,1,2b
7014,10,0,0,1,2b
7014,20,1,1,1,2b
7014,30,1,1,1,2b
7014,3,1,0,-1,2b
7014,-30,0,1,-1,2b
7014,-10,1,0,-1,2b
7014,30,1,1,-1,2b
7014,0,1,0,-1,2b
7014,10,1,0,-1,2b
7014,-3,1,0,-1,2b
7014,20,1,1,-1,2b
7014,6,1,0,-1,2b
7014,-6,1,0,-1,2b
7014,-20,0,1,-1,2b
7014,-6,0,0,1,2b
7014,-20,0,1,1,2b
7014,6,0,0,1,2b
7014,0,0,0,1,2b
7014,-30,0,1,1,2b
7014,-3,0,0,1,2b
7014,10,0,0,1,2b
7014,-10,0,1,1,2b
7014,3,0,0,1,2b
7014,20,1,1,1,2b
7014,30,1,1,1,2b
7014,-10,0,1,-1,2b
7014,-3,1,0,-1,2b
7014,20,1,1,-1,2b
7014,3,1,0,-1,2b
7014,-6,1,0,-1,2b
7014,6,1,0,-1,2b
7014,10,1,1,-1,2b
7014,30,1,1,-1,2b
7014,-30,0,1,-1,2b
7014,0,1,0,-1,2b
7014,-20,0,1,-1,2b
7014,0,1,0,-1,2b
7014,30,1,1,-1,2b
7014,10,1,1,-1,2b
7014,-20,0,1,-1,2b
7014,-10,0,1,-1,2b
7014,20,1,1,-1,2b
7014,-3,1,0,-1,2b
7014,6,1,1,-1,2b
7014,-6,1,0,-1,2b
7014,-30,0,1,-1,2b
7014,3,1,0,-1,2b
7014,10,1,1,1,2b
7014,-10,0,0,1,2b
7014,20,1,1,1,2b
7014,-6,0,0,1,2b
7014,3,0,0,1,2b
7014,-3,0,0,1,2b
7014,-30,0,1,1,2b
7014,-20,0,1,1,2b
7014,6,1,1,1,2b
7014,0,0,0,1,2b
7014,30,1,1,1,2b
7014,-6,1,0,-1,2b
7014,-20,0,1,-1,2b
7014,30,1,1,-1,2b
7014,10,1,1,-1,2b
7014,20,1,1,-1,2b
7014,-3,1,0,-1,2b
7014,-10,0,1,-1,2b
7014,-30,0,1,-1,2b
7014,3,1,0,-1,2b
7014,0,1,0,-1,2b
7014,6,1,0,-1,2b
7014,-20,0,1,1,2b
7014,-10,0,0,1,2b
7014,30,0,0,1,2b
7014,6,0,0,1,2b
7014,-6,0,0,1,2b
7014,3,0,0,1,2b
7014,10,1,1,1,2b
7014,-3,0,0,1,2b
7014,20,1,1,1,2b
7014,-30,0,1,1,2b
7014,0,0,0,1,2b